[{"model": "admin.logentry", "pk": 1, "fields": {"action_time": "2022-09-28T08:56:09.093Z", "user": 1, "content_type": 10, "object_id": "1", "object_repr": "harmonic drive   reducer gearbox", "action_flag": 1, "change_message": "[{\"added\": {}}]"}}, {"model": "admin.logentry", "pk": 2, "fields": {"action_time": "2022-09-28T08:57:04.585Z", "user": 1, "content_type": 10, "object_id": "2", "object_repr": "raspberry pi zero   Old raspberry pi zero without wi-fi", "action_flag": 1, "change_message": "[{\"added\": {}}]"}}, {"model": "admin.logentry", "pk": 3, "fields": {"action_time": "2022-09-28T08:57:53.125Z", "user": 1, "content_type": 10, "object_id": "3", "object_repr": "raspberry pi zero w   Raspberry pi zero w with wi-fi", "action_flag": 1, "change_message": "[{\"added\": {}}]"}}, {"model": "admin.logentry", "pk": 4, "fields": {"action_time": "2022-09-28T09:25:32.746Z", "user": 1, "content_type": 10, "object_id": "4", "object_repr": "raspberry pi zero 2 w   Raspberry pi zero 2 with wifi", "action_flag": 1, "change_message": "[{\"added\": {}}]"}}, {"model": "admin.logentry", "pk": 5, "fields": {"action_time": "2022-09-28T09:28:25.311Z", "user": 1, "content_type": 9, "object_id": "1", "object_repr": "Order object (1)", "action_flag": 1, "change_message": "[{\"added\": {}}]"}}, {"model": "admin.logentry", "pk": 6, "fields": {"action_time": "2022-09-28T09:28:36.542Z", "user": 1, "content_type": 9, "object_id": "1", "object_repr": "Order object (1)", "action_flag": 2, "change_message": "[{\"changed\": {\"fields\": [\"Payment status\"]}}]"}}, {"model": "admin.logentry", "pk": 7, "fields": {"action_time": "2022-09-28T18:41:00.957Z", "user": 1, "content_type": 7, "object_id": "1", "object_repr": "1", "action_flag": 1, "change_message": "[{\"added\": {}}]"}}, {"model": "admin.logentry", "pk": 8, "fields": {"action_time": "2022-09-28T18:41:33.543Z", "user": 1, "content_type": 12, "object_id": "1", "object_repr": "CartItem object (1)", "action_flag": 1, "change_message": "[{\"added\": {}}]"}}, {"model": "admin.logentry", "pk": 9, "fields": {"action_time": "2022-09-28T20:04:59.179Z", "user": 1, "content_type": 12, "object_id": "1", "object_repr": "CartItem object (1)", "action_flag": 2, "change_message": "[]"}}, {"model": "admin.logentry", "pk": 10, "fields": {"action_time": "2022-09-28T20:05:08.502Z", "user": 1, "content_type": 12, "object_id": "2", "object_repr": "CartItem object (2)", "action_flag": 1, "change_message": "[{\"added\": {}}]"}}, {"model": "admin.logentry", "pk": 11, "fields": {"action_time": "2022-09-29T02:23:06.206Z", "user": 1, "content_type": 12, "object_id": "5", "object_repr": "CartItem object (5)", "action_flag": 3, "change_message": ""}}, {"model": "admin.logentry", "pk": 12, "fields": {"action_time": "2022-09-29T02:23:06.376Z", "user": 1, "content_type": 12, "object_id": "4", "object_repr": "CartItem object (4)", "action_flag": 3, "change_message": ""}}, {"model": "admin.logentry", "pk": 13, "fields": {"action_time": "2022-09-29T02:23:06.468Z", "user": 1, "content_type": 12, "object_id": "3", "object_repr": "CartItem object (3)", "action_flag": 3, "change_message": ""}}, {"model": "admin.logentry", "pk": 14, "fields": {"action_time": "2022-09-29T02:23:06.553Z", "user": 1, "content_type": 12, "object_id": "2", "object_repr": "CartItem object (2)", "action_flag": 3, "change_message": ""}}, {"model": "admin.logentry", "pk": 15, "fields": {"action_time": "2022-09-29T02:23:06.631Z", "user": 1, "content_type": 12, "object_id": "1", "object_repr": "CartItem object (1)", "action_flag": 3, "change_message": ""}}, {"model": "admin.logentry", "pk": 16, "fields": {"action_time": "2022-09-29T02:39:56.537Z", "user": 1, "content_type": 12, "object_id": "10", "object_repr": "CartItem object (10)", "action_flag": 3, "change_message": ""}}, {"model": "admin.logentry", "pk": 17, "fields": {"action_time": "2022-09-29T02:39:56.758Z", "user": 1, "content_type": 12, "object_id": "9", "object_repr": "CartItem object (9)", "action_flag": 3, "change_message": ""}}, {"model": "admin.logentry", "pk": 18, "fields": {"action_time": "2022-09-29T02:39:56.862Z", "user": 1, "content_type": 12, "object_id": "7", "object_repr": "CartItem object (7)", "action_flag": 3, "change_message": ""}}, {"model": "admin.logentry", "pk": 19, "fields": {"action_time": "2022-09-29T12:20:57.581Z", "user": 1, "content_type": 13, "object_id": "1", "object_repr": "Address object (1)", "action_flag": 3, "change_message": ""}}, {"model": "admin.logentry", "pk": 20, "fields": {"action_time": "2022-09-29T12:28:49.259Z", "user": 1, "content_type": 13, "object_id": "3", "object_repr": "Address object (3)", "action_flag": 3, "change_message": ""}}, {"model": "admin.logentry", "pk": 21, "fields": {"action_time": "2022-09-29T12:29:33.418Z", "user": 1, "content_type": 13, "object_id": "4", "object_repr": "Address object (4)", "action_flag": 3, "change_message": ""}}, {"model": "admin.logentry", "pk": 22, "fields": {"action_time": "2022-09-29T12:29:33.488Z", "user": 1, "content_type": 13, "object_id": "2", "object_repr": "Address object (2)", "action_flag": 3, "change_message": ""}}, {"model": "admin.logentry", "pk": 23, "fields": {"action_time": "2022-09-29T12:50:18.116Z", "user": 1, "content_type": 13, "object_id": "6", "object_repr": "Address object (6)", "action_flag": 3, "change_message": ""}}, {"model": "admin.logentry", "pk": 24, "fields": {"action_time": "2022-09-29T12:50:18.180Z", "user": 1, "content_type": 13, "object_id": "5", "object_repr": "Address object (5)", "action_flag": 3, "change_message": ""}}, {"model": "admin.logentry", "pk": 25, "fields": {"action_time": "2022-09-29T12:50:46.876Z", "user": 1, "content_type": 13, "object_id": "7", "object_repr": "Address object (7)", "action_flag": 2, "change_message": "[{\"changed\": {\"fields\": [\"Phone\"]}}]"}}, {"model": "admin.logentry", "pk": 26, "fields": {"action_time": "2022-09-29T12:51:00.266Z", "user": 1, "content_type": 13, "object_id": "7", "object_repr": "Address object (7)", "action_flag": 2, "change_message": "[{\"changed\": {\"fields\": [\"Phone\"]}}]"}}, {"model": "admin.logentry", "pk": 27, "fields": {"action_time": "2022-09-29T13:04:39.039Z", "user": 1, "content_type": 13, "object_id": "7", "object_repr": "Address object (7)", "action_flag": 2, "change_message": "[{\"changed\": {\"fields\": [\"Postal address\"]}}]"}}, {"model": "admin.logentry", "pk": 28, "fields": {"action_time": "2022-09-29T13:06:30.296Z", "user": 1, "content_type": 13, "object_id": "7", "object_repr": "Address object (7)", "action_flag": 2, "change_message": "[{\"changed\": {\"fields\": [\"Phone\"]}}]"}}, {"model": "admin.logentry", "pk": 29, "fields": {"action_time": "2022-09-29T17:56:33.930Z", "user": 1, "content_type": 6, "object_id": "2", "object_repr": "brianleon@gmail.com", "action_flag": 3, "change_message": ""}}, {"model": "admin.logentry", "pk": 30, "fields": {"action_time": "2022-09-29T18:06:08.136Z", "user": 1, "content_type": 6, "object_id": "4", "object_repr": "brianleon@gmail.coml", "action_flag": 3, "change_message": ""}}, {"model": "admin.logentry", "pk": 31, "fields": {"action_time": "2022-09-29T18:06:08.237Z", "user": 1, "content_type": 6, "object_id": "3", "object_repr": "brianleon@gmail.com", "action_flag": 3, "change_message": ""}}, {"model": "admin.logentry", "pk": 32, "fields": {"action_time": "2022-10-01T17:02:26.645Z", "user": 1, "content_type": 9, "object_id": "11", "object_repr": "Order object (11)", "action_flag": 3, "change_message": ""}}, {"model": "admin.logentry", "pk": 33, "fields": {"action_time": "2022-10-01T17:02:26.752Z", "user": 1, "content_type": 9, "object_id": "10", "object_repr": "Order object (10)", "action_flag": 3, "change_message": ""}}, {"model": "admin.logentry", "pk": 34, "fields": {"action_time": "2022-10-01T17:02:26.831Z", "user": 1, "content_type": 9, "object_id": "9", "object_repr": "Order object (9)", "action_flag": 3, "change_message": ""}}, {"model": "admin.logentry", "pk": 35, "fields": {"action_time": "2022-10-01T17:02:26.945Z", "user": 1, "content_type": 9, "object_id": "8", "object_repr": "Order object (8)", "action_flag": 3, "change_message": ""}}, {"model": "admin.logentry", "pk": 36, "fields": {"action_time": "2022-10-01T17:02:27.035Z", "user": 1, "content_type": 9, "object_id": "7", "object_repr": "Order object (7)", "action_flag": 3, "change_message": ""}}, {"model": "admin.logentry", "pk": 37, "fields": {"action_time": "2022-10-01T17:02:27.130Z", "user": 1, "content_type": 9, "object_id": "6", "object_repr": "Order object (6)", "action_flag": 3, "change_message": ""}}, {"model": "admin.logentry", "pk": 38, "fields": {"action_time": "2022-10-01T17:02:27.232Z", "user": 1, "content_type": 9, "object_id": "5", "object_repr": "Order object (5)", "action_flag": 3, "change_message": ""}}, {"model": "admin.logentry", "pk": 39, "fields": {"action_time": "2022-10-01T17:02:27.334Z", "user": 1, "content_type": 9, "object_id": "4", "object_repr": "Order object (4)", "action_flag": 3, "change_message": ""}}, {"model": "admin.logentry", "pk": 40, "fields": {"action_time": "2022-10-01T17:02:27.415Z", "user": 1, "content_type": 9, "object_id": "3", "object_repr": "Order object (3)", "action_flag": 3, "change_message": ""}}, {"model": "admin.logentry", "pk": 41, "fields": {"action_time": "2022-10-01T17:02:27.515Z", "user": 1, "content_type": 9, "object_id": "2", "object_repr": "Order object (2)", "action_flag": 3, "change_message": ""}}, {"model": "admin.logentry", "pk": 42, "fields": {"action_time": "2022-10-01T17:02:27.606Z", "user": 1, "content_type": 9, "object_id": "1", "object_repr": "Order object (1)", "action_flag": 3, "change_message": ""}}, {"model": "admin.logentry", "pk": 43, "fields": {"action_time": "2022-10-01T17:15:01.639Z", "user": 1, "content_type": 11, "object_id": "1", "object_repr": "OrderItem object (1)", "action_flag": 1, "change_message": "[{\"added\": {}}]"}}, {"model": "admin.logentry", "pk": 44, "fields": {"action_time": "2022-10-01T17:32:24.247Z", "user": 1, "content_type": 11, "object_id": "22", "object_repr": "OrderItem object (22)", "action_flag": 3, "change_message": ""}}, {"model": "admin.logentry", "pk": 45, "fields": {"action_time": "2022-10-01T17:32:24.481Z", "user": 1, "content_type": 11, "object_id": "21", "object_repr": "OrderItem object (21)", "action_flag": 3, "change_message": ""}}, {"model": "admin.logentry", "pk": 46, "fields": {"action_time": "2022-10-01T17:32:24.603Z", "user": 1, "content_type": 11, "object_id": "20", "object_repr": "OrderItem object (20)", "action_flag": 3, "change_message": ""}}, {"model": "admin.logentry", "pk": 47, "fields": {"action_time": "2022-10-01T17:32:24.735Z", "user": 1, "content_type": 11, "object_id": "19", "object_repr": "OrderItem object (19)", "action_flag": 3, "change_message": ""}}, {"model": "admin.logentry", "pk": 48, "fields": {"action_time": "2022-10-01T17:32:24.825Z", "user": 1, "content_type": 11, "object_id": "18", "object_repr": "OrderItem object (18)", "action_flag": 3, "change_message": ""}}, {"model": "admin.logentry", "pk": 49, "fields": {"action_time": "2022-10-01T17:32:24.921Z", "user": 1, "content_type": 11, "object_id": "17", "object_repr": "OrderItem object (17)", "action_flag": 3, "change_message": ""}}, {"model": "admin.logentry", "pk": 50, "fields": {"action_time": "2022-10-01T17:32:25.008Z", "user": 1, "content_type": 11, "object_id": "16", "object_repr": "OrderItem object (16)", "action_flag": 3, "change_message": ""}}, {"model": "admin.logentry", "pk": 51, "fields": {"action_time": "2022-10-01T17:32:25.092Z", "user": 1, "content_type": 11, "object_id": "15", "object_repr": "OrderItem object (15)", "action_flag": 3, "change_message": ""}}, {"model": "admin.logentry", "pk": 52, "fields": {"action_time": "2022-10-01T17:32:25.171Z", "user": 1, "content_type": 11, "object_id": "14", "object_repr": "OrderItem object (14)", "action_flag": 3, "change_message": ""}}, {"model": "admin.logentry", "pk": 53, "fields": {"action_time": "2022-10-01T17:32:25.255Z", "user": 1, "content_type": 11, "object_id": "13", "object_repr": "OrderItem object (13)", "action_flag": 3, "change_message": ""}}, {"model": "admin.logentry", "pk": 54, "fields": {"action_time": "2022-10-01T17:32:25.338Z", "user": 1, "content_type": 11, "object_id": "12", "object_repr": "OrderItem object (12)", "action_flag": 3, "change_message": ""}}, {"model": "admin.logentry", "pk": 55, "fields": {"action_time": "2022-10-01T17:32:25.429Z", "user": 1, "content_type": 11, "object_id": "11", "object_repr": "OrderItem object (11)", "action_flag": 3, "change_message": ""}}, {"model": "admin.logentry", "pk": 56, "fields": {"action_time": "2022-10-01T17:32:25.517Z", "user": 1, "content_type": 11, "object_id": "10", "object_repr": "OrderItem object (10)", "action_flag": 3, "change_message": ""}}, {"model": "admin.logentry", "pk": 57, "fields": {"action_time": "2022-10-01T17:32:25.600Z", "user": 1, "content_type": 11, "object_id": "9", "object_repr": "OrderItem object (9)", "action_flag": 3, "change_message": ""}}, {"model": "admin.logentry", "pk": 58, "fields": {"action_time": "2022-10-01T17:32:25.684Z", "user": 1, "content_type": 11, "object_id": "8", "object_repr": "OrderItem object (8)", "action_flag": 3, "change_message": ""}}, {"model": "admin.logentry", "pk": 59, "fields": {"action_time": "2022-10-01T17:32:25.773Z", "user": 1, "content_type": 11, "object_id": "7", "object_repr": "OrderItem object (7)", "action_flag": 3, "change_message": ""}}, {"model": "admin.logentry", "pk": 60, "fields": {"action_time": "2022-10-01T17:32:25.886Z", "user": 1, "content_type": 11, "object_id": "6", "object_repr": "OrderItem object (6)", "action_flag": 3, "change_message": ""}}, {"model": "admin.logentry", "pk": 61, "fields": {"action_time": "2022-10-01T17:32:26.050Z", "user": 1, "content_type": 11, "object_id": "5", "object_repr": "OrderItem object (5)", "action_flag": 3, "change_message": ""}}, {"model": "admin.logentry", "pk": 62, "fields": {"action_time": "2022-10-01T17:32:26.139Z", "user": 1, "content_type": 11, "object_id": "4", "object_repr": "OrderItem object (4)", "action_flag": 3, "change_message": ""}}, {"model": "admin.logentry", "pk": 63, "fields": {"action_time": "2022-10-01T17:32:26.223Z", "user": 1, "content_type": 11, "object_id": "3", "object_repr": "OrderItem object (3)", "action_flag": 3, "change_message": ""}}, {"model": "admin.logentry", "pk": 64, "fields": {"action_time": "2022-10-01T17:32:26.322Z", "user": 1, "content_type": 11, "object_id": "2", "object_repr": "OrderItem object (2)", "action_flag": 3, "change_message": ""}}, {"model": "admin.logentry", "pk": 65, "fields": {"action_time": "2022-10-01T17:32:26.414Z", "user": 1, "content_type": 11, "object_id": "1", "object_repr": "OrderItem object (1)", "action_flag": 3, "change_message": ""}}, {"model": "admin.logentry", "pk": 66, "fields": {"action_time": "2022-10-01T17:32:46.547Z", "user": 1, "content_type": 9, "object_id": "33", "object_repr": "Order object (33)", "action_flag": 3, "change_message": ""}}, {"model": "admin.logentry", "pk": 67, "fields": {"action_time": "2022-10-01T17:32:46.619Z", "user": 1, "content_type": 9, "object_id": "32", "object_repr": "Order object (32)", "action_flag": 3, "change_message": ""}}, {"model": "admin.logentry", "pk": 68, "fields": {"action_time": "2022-10-01T17:32:46.749Z", "user": 1, "content_type": 9, "object_id": "31", "object_repr": "Order object (31)", "action_flag": 3, "change_message": ""}}, {"model": "admin.logentry", "pk": 69, "fields": {"action_time": "2022-10-01T17:32:46.844Z", "user": 1, "content_type": 9, "object_id": "30", "object_repr": "Order object (30)", "action_flag": 3, "change_message": ""}}, {"model": "admin.logentry", "pk": 70, "fields": {"action_time": "2022-10-01T17:32:46.942Z", "user": 1, "content_type": 9, "object_id": "29", "object_repr": "Order object (29)", "action_flag": 3, "change_message": ""}}, {"model": "admin.logentry", "pk": 71, "fields": {"action_time": "2022-10-01T17:32:47.031Z", "user": 1, "content_type": 9, "object_id": "28", "object_repr": "Order object (28)", "action_flag": 3, "change_message": ""}}, {"model": "admin.logentry", "pk": 72, "fields": {"action_time": "2022-10-01T17:32:47.115Z", "user": 1, "content_type": 9, "object_id": "27", "object_repr": "Order object (27)", "action_flag": 3, "change_message": ""}}, {"model": "admin.logentry", "pk": 73, "fields": {"action_time": "2022-10-01T17:32:47.205Z", "user": 1, "content_type": 9, "object_id": "26", "object_repr": "Order object (26)", "action_flag": 3, "change_message": ""}}, {"model": "admin.logentry", "pk": 74, "fields": {"action_time": "2022-10-01T17:32:47.298Z", "user": 1, "content_type": 9, "object_id": "25", "object_repr": "Order object (25)", "action_flag": 3, "change_message": ""}}, {"model": "admin.logentry", "pk": 75, "fields": {"action_time": "2022-10-01T17:32:47.390Z", "user": 1, "content_type": 9, "object_id": "24", "object_repr": "Order object (24)", "action_flag": 3, "change_message": ""}}, {"model": "admin.logentry", "pk": 76, "fields": {"action_time": "2022-10-01T17:32:47.491Z", "user": 1, "content_type": 9, "object_id": "23", "object_repr": "Order object (23)", "action_flag": 3, "change_message": ""}}, {"model": "admin.logentry", "pk": 77, "fields": {"action_time": "2022-10-01T17:32:47.575Z", "user": 1, "content_type": 9, "object_id": "22", "object_repr": "Order object (22)", "action_flag": 3, "change_message": ""}}, {"model": "admin.logentry", "pk": 78, "fields": {"action_time": "2022-10-01T17:32:47.671Z", "user": 1, "content_type": 9, "object_id": "21", "object_repr": "Order object (21)", "action_flag": 3, "change_message": ""}}, {"model": "admin.logentry", "pk": 79, "fields": {"action_time": "2022-10-01T17:32:47.776Z", "user": 1, "content_type": 9, "object_id": "20", "object_repr": "Order object (20)", "action_flag": 3, "change_message": ""}}, {"model": "admin.logentry", "pk": 80, "fields": {"action_time": "2022-10-01T17:32:47.889Z", "user": 1, "content_type": 9, "object_id": "19", "object_repr": "Order object (19)", "action_flag": 3, "change_message": ""}}, {"model": "admin.logentry", "pk": 81, "fields": {"action_time": "2022-10-01T17:32:47.972Z", "user": 1, "content_type": 9, "object_id": "18", "object_repr": "Order object (18)", "action_flag": 3, "change_message": ""}}, {"model": "admin.logentry", "pk": 82, "fields": {"action_time": "2022-10-01T17:32:48.074Z", "user": 1, "content_type": 9, "object_id": "17", "object_repr": "Order object (17)", "action_flag": 3, "change_message": ""}}, {"model": "admin.logentry", "pk": 83, "fields": {"action_time": "2022-10-01T17:32:48.155Z", "user": 1, "content_type": 9, "object_id": "16", "object_repr": "Order object (16)", "action_flag": 3, "change_message": ""}}, {"model": "admin.logentry", "pk": 84, "fields": {"action_time": "2022-10-01T17:32:48.255Z", "user": 1, "content_type": 9, "object_id": "15", "object_repr": "Order object (15)", "action_flag": 3, "change_message": ""}}, {"model": "admin.logentry", "pk": 85, "fields": {"action_time": "2022-10-01T17:32:48.354Z", "user": 1, "content_type": 9, "object_id": "14", "object_repr": "Order object (14)", "action_flag": 3, "change_message": ""}}, {"model": "admin.logentry", "pk": 86, "fields": {"action_time": "2022-10-01T17:32:48.450Z", "user": 1, "content_type": 9, "object_id": "13", "object_repr": "Order object (13)", "action_flag": 3, "change_message": ""}}, {"model": "admin.logentry", "pk": 87, "fields": {"action_time": "2022-10-01T17:32:48.531Z", "user": 1, "content_type": 9, "object_id": "12", "object_repr": "Order object (12)", "action_flag": 3, "change_message": ""}}, {"model": "admin.logentry", "pk": 88, "fields": {"action_time": "2022-10-02T13:03:11.389Z", "user": 1, "content_type": 6, "object_id": "1", "object_repr": "kelvinchui6571@gmail.com", "action_flag": 2, "change_message": "[{\"changed\": {\"fields\": [\"First name\", \"Last name\", \"Phone\", \"Birth date\"]}}]"}}, {"model": "admin.logentry", "pk": 89, "fields": {"action_time": "2022-10-02T13:32:13.744Z", "user": 1, "content_type": 10, "object_id": "4", "object_repr": "raspberry pi zero 2 w   Raspberry pi zero 2 with wifi", "action_flag": 2, "change_message": "[{\"changed\": {\"fields\": [\"Image\"]}}]"}}, {"model": "admin.logentry", "pk": 90, "fields": {"action_time": "2022-10-02T13:32:26.056Z", "user": 1, "content_type": 10, "object_id": "3", "object_repr": "raspberry pi zero w   Raspberry pi zero w with wi-fi", "action_flag": 2, "change_message": "[{\"changed\": {\"fields\": [\"Image\"]}}]"}}, {"model": "admin.logentry", "pk": 91, "fields": {"action_time": "2022-10-02T13:32:37.367Z", "user": 1, "content_type": 10, "object_id": "2", "object_repr": "raspberry pi zero   Old raspberry pi zero without wi-fi", "action_flag": 2, "change_message": "[{\"changed\": {\"fields\": [\"Image\"]}}]"}}, {"model": "admin.logentry", "pk": 92, "fields": {"action_time": "2022-10-02T13:32:45.880Z", "user": 1, "content_type": 10, "object_id": "1", "object_repr": "harmonic drive   reducer gearbox", "action_flag": 2, "change_message": "[{\"changed\": {\"fields\": [\"Image\"]}}]"}}, {"model": "admin.logentry", "pk": 93, "fields": {"action_time": "2022-10-02T13:34:40.698Z", "user": 1, "content_type": 6, "object_id": "1", "object_repr": "kelvinchui6571@gmail.com", "action_flag": 2, "change_message": "[{\"changed\": {\"fields\": [\"Profile pic\"]}}]"}}, {"model": "admin.logentry", "pk": 94, "fields": {"action_time": "2022-10-02T13:47:23.447Z", "user": 1, "content_type": 6, "object_id": "5", "object_repr": "brianleon@gmail.com", "action_flag": 2, "change_message": "[{\"changed\": {\"fields\": [\"Phone\", \"Birth date\", \"Profile pic\"]}}]"}}, {"model": "admin.logentry", "pk": 95, "fields": {"action_time": "2022-10-08T12:48:03.045Z", "user": 1, "content_type": 12, "object_id": "78", "object_repr": "CartItem object (78)", "action_flag": 3, "change_message": ""}}, {"model": "admin.logentry", "pk": 96, "fields": {"action_time": "2022-10-08T12:48:10.205Z", "user": 1, "content_type": 12, "object_id": "76", "object_repr": "CartItem object (76)", "action_flag": 3, "change_message": ""}}, {"model": "admin.logentry", "pk": 97, "fields": {"action_time": "2022-10-08T12:48:10.315Z", "user": 1, "content_type": 12, "object_id": "75", "object_repr": "CartItem object (75)", "action_flag": 3, "change_message": ""}}, {"model": "admin.logentry", "pk": 98, "fields": {"action_time": "2022-10-08T12:48:10.416Z", "user": 1, "content_type": 12, "object_id": "73", "object_repr": "CartItem object (73)", "action_flag": 3, "change_message": ""}}, {"model": "admin.logentry", "pk": 99, "fields": {"action_time": "2022-10-08T12:48:10.528Z", "user": 1, "content_type": 12, "object_id": "69", "object_repr": "CartItem object (69)", "action_flag": 3, "change_message": ""}}, {"model": "admin.logentry", "pk": 100, "fields": {"action_time": "2022-10-08T12:48:10.671Z", "user": 1, "content_type": 12, "object_id": "24", "object_repr": "CartItem object (24)", "action_flag": 3, "change_message": ""}}, {"model": "admin.logentry", "pk": 101, "fields": {"action_time": "2022-10-08T12:48:10.783Z", "user": 1, "content_type": 12, "object_id": "17", "object_repr": "CartItem object (17)", "action_flag": 3, "change_message": ""}}, {"model": "admin.logentry", "pk": 102, "fields": {"action_time": "2022-10-08T12:48:10.885Z", "user": 1, "content_type": 12, "object_id": "16", "object_repr": "CartItem object (16)", "action_flag": 3, "change_message": ""}}, {"model": "admin.logentry", "pk": 103, "fields": {"action_time": "2022-10-10T05:47:55.208Z", "user": 1, "content_type": 13, "object_id": "9", "object_repr": "kelvinchui6571@gmail.comi", "action_flag": 3, "change_message": ""}}, {"model": "admin.logentry", "pk": 104, "fields": {"action_time": "2022-10-10T05:48:06.654Z", "user": 1, "content_type": 6, "object_id": "8", "object_repr": "kelvinchui6571@gmail.comi", "action_flag": 3, "change_message": ""}}, {"model": "admin.logentry", "pk": 105, "fields": {"action_time": "2022-10-10T05:48:06.739Z", "user": 1, "content_type": 6, "object_id": "7", "object_repr": "kelvinchui6571@gmail.coml", "action_flag": 3, "change_message": ""}}, {"model": "admin.logentry", "pk": 106, "fields": {"action_time": "2022-10-10T19:35:12.641Z", "user": 1, "content_type": 11, "object_id": "23", "object_repr": "#2be12d", "action_flag": 3, "change_message": ""}}, {"model": "admin.logentry", "pk": 107, "fields": {"action_time": "2022-10-10T19:35:38.816Z", "user": 1, "content_type": 11, "object_id": "102", "object_repr": "#3fdc35", "action_flag": 3, "change_message": ""}}, {"model": "admin.logentry", "pk": 108, "fields": {"action_time": "2022-10-10T19:35:38.936Z", "user": 1, "content_type": 11, "object_id": "101", "object_repr": "#3fdc35", "action_flag": 3, "change_message": ""}}, {"model": "admin.logentry", "pk": 109, "fields": {"action_time": "2022-10-10T19:35:39.033Z", "user": 1, "content_type": 11, "object_id": "100", "object_repr": "#741e82", "action_flag": 3, "change_message": ""}}, {"model": "admin.logentry", "pk": 110, "fields": {"action_time": "2022-10-10T19:35:39.129Z", "user": 1, "content_type": 11, "object_id": "99", "object_repr": "#5232bc", "action_flag": 3, "change_message": ""}}, {"model": "admin.logentry", "pk": 111, "fields": {"action_time": "2022-10-10T19:35:39.227Z", "user": 1, "content_type": 11, "object_id": "98", "object_repr": "#f381bb", "action_flag": 3, "change_message": ""}}, {"model": "admin.logentry", "pk": 112, "fields": {"action_time": "2022-10-10T19:35:39.324Z", "user": 1, "content_type": 11, "object_id": "97", "object_repr": "#619dd5", "action_flag": 3, "change_message": ""}}, {"model": "admin.logentry", "pk": 113, "fields": {"action_time": "2022-10-10T19:35:39.410Z", "user": 1, "content_type": 11, "object_id": "96", "object_repr": "#115cb0", "action_flag": 3, "change_message": ""}}, {"model": "admin.logentry", "pk": 114, "fields": {"action_time": "2022-10-10T19:35:39.496Z", "user": 1, "content_type": 11, "object_id": "95", "object_repr": "#1d94f5", "action_flag": 3, "change_message": ""}}, {"model": "admin.logentry", "pk": 115, "fields": {"action_time": "2022-10-10T19:35:39.583Z", "user": 1, "content_type": 11, "object_id": "94", "object_repr": "#e325c8", "action_flag": 3, "change_message": ""}}, {"model": "admin.logentry", "pk": 116, "fields": {"action_time": "2022-10-10T19:35:39.670Z", "user": 1, "content_type": 11, "object_id": "93", "object_repr": "#771db4", "action_flag": 3, "change_message": ""}}, {"model": "admin.logentry", "pk": 117, "fields": {"action_time": "2022-10-10T19:35:39.786Z", "user": 1, "content_type": 11, "object_id": "92", "object_repr": "#0ec7de", "action_flag": 3, "change_message": ""}}, {"model": "admin.logentry", "pk": 118, "fields": {"action_time": "2022-10-10T19:35:39.888Z", "user": 1, "content_type": 11, "object_id": "91", "object_repr": "#e3a260", "action_flag": 3, "change_message": ""}}, {"model": "admin.logentry", "pk": 119, "fields": {"action_time": "2022-10-10T19:35:40.003Z", "user": 1, "content_type": 11, "object_id": "90", "object_repr": "#97df61", "action_flag": 3, "change_message": ""}}, {"model": "admin.logentry", "pk": 120, "fields": {"action_time": "2022-10-10T19:35:40.091Z", "user": 1, "content_type": 11, "object_id": "89", "object_repr": "#bb9501", "action_flag": 3, "change_message": ""}}, {"model": "admin.logentry", "pk": 121, "fields": {"action_time": "2022-10-10T19:35:40.183Z", "user": 1, "content_type": 11, "object_id": "88", "object_repr": "#4ec913", "action_flag": 3, "change_message": ""}}, {"model": "admin.logentry", "pk": 122, "fields": {"action_time": "2022-10-10T19:35:40.295Z", "user": 1, "content_type": 11, "object_id": "87", "object_repr": "#eca8d6", "action_flag": 3, "change_message": ""}}, {"model": "admin.logentry", "pk": 123, "fields": {"action_time": "2022-10-10T19:35:40.410Z", "user": 1, "content_type": 11, "object_id": "86", "object_repr": "#b5cb26", "action_flag": 3, "change_message": ""}}, {"model": "admin.logentry", "pk": 124, "fields": {"action_time": "2022-10-10T19:35:40.519Z", "user": 1, "content_type": 11, "object_id": "85", "object_repr": "#71c007", "action_flag": 3, "change_message": ""}}, {"model": "admin.logentry", "pk": 125, "fields": {"action_time": "2022-10-10T19:35:40.634Z", "user": 1, "content_type": 11, "object_id": "84", "object_repr": "#b6b381", "action_flag": 3, "change_message": ""}}, {"model": "admin.logentry", "pk": 126, "fields": {"action_time": "2022-10-10T19:35:40.764Z", "user": 1, "content_type": 11, "object_id": "83", "object_repr": "#601ac2", "action_flag": 3, "change_message": ""}}, {"model": "admin.logentry", "pk": 127, "fields": {"action_time": "2022-10-10T19:35:40.879Z", "user": 1, "content_type": 11, "object_id": "82", "object_repr": "#824986", "action_flag": 3, "change_message": ""}}, {"model": "admin.logentry", "pk": 128, "fields": {"action_time": "2022-10-10T19:35:40.987Z", "user": 1, "content_type": 11, "object_id": "81", "object_repr": "#39a87e", "action_flag": 3, "change_message": ""}}, {"model": "admin.logentry", "pk": 129, "fields": {"action_time": "2022-10-10T19:35:41.115Z", "user": 1, "content_type": 11, "object_id": "80", "object_repr": "#241f68", "action_flag": 3, "change_message": ""}}, {"model": "admin.logentry", "pk": 130, "fields": {"action_time": "2022-10-10T19:35:41.222Z", "user": 1, "content_type": 11, "object_id": "79", "object_repr": "#53e6c3", "action_flag": 3, "change_message": ""}}, {"model": "admin.logentry", "pk": 131, "fields": {"action_time": "2022-10-10T19:35:41.338Z", "user": 1, "content_type": 11, "object_id": "78", "object_repr": "#bfaa41", "action_flag": 3, "change_message": ""}}, {"model": "admin.logentry", "pk": 132, "fields": {"action_time": "2022-10-10T19:35:41.436Z", "user": 1, "content_type": 11, "object_id": "77", "object_repr": "#d9a57c", "action_flag": 3, "change_message": ""}}, {"model": "admin.logentry", "pk": 133, "fields": {"action_time": "2022-10-10T19:35:41.563Z", "user": 1, "content_type": 11, "object_id": "76", "object_repr": "#6b583a", "action_flag": 3, "change_message": ""}}, {"model": "admin.logentry", "pk": 134, "fields": {"action_time": "2022-10-10T19:35:41.670Z", "user": 1, "content_type": 11, "object_id": "75", "object_repr": "#00fc2c", "action_flag": 3, "change_message": ""}}, {"model": "admin.logentry", "pk": 135, "fields": {"action_time": "2022-10-10T19:35:41.785Z", "user": 1, "content_type": 11, "object_id": "74", "object_repr": "#b6af27", "action_flag": 3, "change_message": ""}}, {"model": "admin.logentry", "pk": 136, "fields": {"action_time": "2022-10-10T19:35:41.914Z", "user": 1, "content_type": 11, "object_id": "73", "object_repr": "#653c77", "action_flag": 3, "change_message": ""}}, {"model": "admin.logentry", "pk": 137, "fields": {"action_time": "2022-10-10T19:35:42.040Z", "user": 1, "content_type": 11, "object_id": "72", "object_repr": "#306e79", "action_flag": 3, "change_message": ""}}, {"model": "admin.logentry", "pk": 138, "fields": {"action_time": "2022-10-10T19:35:42.162Z", "user": 1, "content_type": 11, "object_id": "71", "object_repr": "#4b5e1e", "action_flag": 3, "change_message": ""}}, {"model": "admin.logentry", "pk": 139, "fields": {"action_time": "2022-10-10T19:35:42.270Z", "user": 1, "content_type": 11, "object_id": "70", "object_repr": "#8a704d", "action_flag": 3, "change_message": ""}}, {"model": "admin.logentry", "pk": 140, "fields": {"action_time": "2022-10-10T19:35:42.382Z", "user": 1, "content_type": 11, "object_id": "69", "object_repr": "#9f7e5f", "action_flag": 3, "change_message": ""}}, {"model": "admin.logentry", "pk": 141, "fields": {"action_time": "2022-10-10T19:35:42.496Z", "user": 1, "content_type": 11, "object_id": "68", "object_repr": "#972088", "action_flag": 3, "change_message": ""}}, {"model": "admin.logentry", "pk": 142, "fields": {"action_time": "2022-10-10T19:35:42.605Z", "user": 1, "content_type": 11, "object_id": "67", "object_repr": "#662ea3", "action_flag": 3, "change_message": ""}}, {"model": "admin.logentry", "pk": 143, "fields": {"action_time": "2022-10-10T19:35:42.710Z", "user": 1, "content_type": 11, "object_id": "66", "object_repr": "#71931c", "action_flag": 3, "change_message": ""}}, {"model": "admin.logentry", "pk": 144, "fields": {"action_time": "2022-10-10T19:35:42.819Z", "user": 1, "content_type": 11, "object_id": "65", "object_repr": "#100c6b", "action_flag": 3, "change_message": ""}}, {"model": "admin.logentry", "pk": 145, "fields": {"action_time": "2022-10-10T19:35:42.934Z", "user": 1, "content_type": 11, "object_id": "64", "object_repr": "#fc9d50", "action_flag": 3, "change_message": ""}}, {"model": "admin.logentry", "pk": 146, "fields": {"action_time": "2022-10-10T19:35:43.043Z", "user": 1, "content_type": 11, "object_id": "63", "object_repr": "#3d0034", "action_flag": 3, "change_message": ""}}, {"model": "admin.logentry", "pk": 147, "fields": {"action_time": "2022-10-10T19:35:43.176Z", "user": 1, "content_type": 11, "object_id": "62", "object_repr": "#2d0756", "action_flag": 3, "change_message": ""}}, {"model": "admin.logentry", "pk": 148, "fields": {"action_time": "2022-10-10T19:35:43.307Z", "user": 1, "content_type": 11, "object_id": "61", "object_repr": "#48ed91", "action_flag": 3, "change_message": ""}}, {"model": "admin.logentry", "pk": 149, "fields": {"action_time": "2022-10-10T19:35:43.423Z", "user": 1, "content_type": 11, "object_id": "60", "object_repr": "#ac457c", "action_flag": 3, "change_message": ""}}, {"model": "admin.logentry", "pk": 150, "fields": {"action_time": "2022-10-10T19:35:43.562Z", "user": 1, "content_type": 11, "object_id": "59", "object_repr": "#b0b2df", "action_flag": 3, "change_message": ""}}, {"model": "admin.logentry", "pk": 151, "fields": {"action_time": "2022-10-10T19:35:43.677Z", "user": 1, "content_type": 11, "object_id": "58", "object_repr": "#b0b2df", "action_flag": 3, "change_message": ""}}, {"model": "admin.logentry", "pk": 152, "fields": {"action_time": "2022-10-10T19:35:43.785Z", "user": 1, "content_type": 11, "object_id": "57", "object_repr": "#3bb518", "action_flag": 3, "change_message": ""}}, {"model": "admin.logentry", "pk": 153, "fields": {"action_time": "2022-10-10T19:35:43.890Z", "user": 1, "content_type": 11, "object_id": "56", "object_repr": "#3bb518", "action_flag": 3, "change_message": ""}}, {"model": "admin.logentry", "pk": 154, "fields": {"action_time": "2022-10-10T19:35:43.989Z", "user": 1, "content_type": 11, "object_id": "55", "object_repr": "#699649", "action_flag": 3, "change_message": ""}}, {"model": "admin.logentry", "pk": 155, "fields": {"action_time": "2022-10-10T19:35:44.094Z", "user": 1, "content_type": 11, "object_id": "54", "object_repr": "#699649", "action_flag": 3, "change_message": ""}}, {"model": "admin.logentry", "pk": 156, "fields": {"action_time": "2022-10-10T19:35:44.192Z", "user": 1, "content_type": 11, "object_id": "53", "object_repr": "#699649", "action_flag": 3, "change_message": ""}}, {"model": "admin.logentry", "pk": 157, "fields": {"action_time": "2022-10-10T19:35:44.308Z", "user": 1, "content_type": 11, "object_id": "52", "object_repr": "#0d5cd2", "action_flag": 3, "change_message": ""}}, {"model": "admin.logentry", "pk": 158, "fields": {"action_time": "2022-10-10T19:35:44.419Z", "user": 1, "content_type": 11, "object_id": "51", "object_repr": "#75eece", "action_flag": 3, "change_message": ""}}, {"model": "admin.logentry", "pk": 159, "fields": {"action_time": "2022-10-10T19:35:44.518Z", "user": 1, "content_type": 11, "object_id": "50", "object_repr": "#c58398", "action_flag": 3, "change_message": ""}}, {"model": "admin.logentry", "pk": 160, "fields": {"action_time": "2022-10-10T19:35:44.622Z", "user": 1, "content_type": 11, "object_id": "49", "object_repr": "#c163f9", "action_flag": 3, "change_message": ""}}, {"model": "admin.logentry", "pk": 161, "fields": {"action_time": "2022-10-10T19:35:44.737Z", "user": 1, "content_type": 11, "object_id": "48", "object_repr": "#645e6c", "action_flag": 3, "change_message": ""}}, {"model": "admin.logentry", "pk": 162, "fields": {"action_time": "2022-10-10T19:35:44.854Z", "user": 1, "content_type": 11, "object_id": "47", "object_repr": "#eeb1cc", "action_flag": 3, "change_message": ""}}, {"model": "admin.logentry", "pk": 163, "fields": {"action_time": "2022-10-10T19:35:44.969Z", "user": 1, "content_type": 11, "object_id": "46", "object_repr": "#15763e", "action_flag": 3, "change_message": ""}}, {"model": "admin.logentry", "pk": 164, "fields": {"action_time": "2022-10-10T19:35:45.067Z", "user": 1, "content_type": 11, "object_id": "45", "object_repr": "#437274", "action_flag": 3, "change_message": ""}}, {"model": "admin.logentry", "pk": 165, "fields": {"action_time": "2022-10-10T19:35:45.164Z", "user": 1, "content_type": 11, "object_id": "44", "object_repr": "#dcd9a7", "action_flag": 3, "change_message": ""}}, {"model": "admin.logentry", "pk": 166, "fields": {"action_time": "2022-10-10T19:35:45.260Z", "user": 1, "content_type": 11, "object_id": "43", "object_repr": "#6bdb16", "action_flag": 3, "change_message": ""}}, {"model": "admin.logentry", "pk": 167, "fields": {"action_time": "2022-10-10T19:35:45.391Z", "user": 1, "content_type": 11, "object_id": "42", "object_repr": "#e0d135", "action_flag": 3, "change_message": ""}}, {"model": "admin.logentry", "pk": 168, "fields": {"action_time": "2022-10-10T19:35:45.505Z", "user": 1, "content_type": 11, "object_id": "41", "object_repr": "#9513a8", "action_flag": 3, "change_message": ""}}, {"model": "admin.logentry", "pk": 169, "fields": {"action_time": "2022-10-10T19:35:45.630Z", "user": 1, "content_type": 11, "object_id": "40", "object_repr": "#9513a8", "action_flag": 3, "change_message": ""}}, {"model": "admin.logentry", "pk": 170, "fields": {"action_time": "2022-10-10T19:35:45.739Z", "user": 1, "content_type": 11, "object_id": "39", "object_repr": "#9513a8", "action_flag": 3, "change_message": ""}}, {"model": "admin.logentry", "pk": 171, "fields": {"action_time": "2022-10-10T19:35:45.871Z", "user": 1, "content_type": 11, "object_id": "38", "object_repr": "#9513a8", "action_flag": 3, "change_message": ""}}, {"model": "admin.logentry", "pk": 172, "fields": {"action_time": "2022-10-10T19:35:45.995Z", "user": 1, "content_type": 11, "object_id": "37", "object_repr": "#5dea7b", "action_flag": 3, "change_message": ""}}, {"model": "admin.logentry", "pk": 173, "fields": {"action_time": "2022-10-10T19:35:46.098Z", "user": 1, "content_type": 11, "object_id": "36", "object_repr": "#5dea7b", "action_flag": 3, "change_message": ""}}, {"model": "admin.logentry", "pk": 174, "fields": {"action_time": "2022-10-10T19:35:46.227Z", "user": 1, "content_type": 11, "object_id": "35", "object_repr": "#5dea7b", "action_flag": 3, "change_message": ""}}, {"model": "admin.logentry", "pk": 175, "fields": {"action_time": "2022-10-10T19:35:46.364Z", "user": 1, "content_type": 11, "object_id": "34", "object_repr": "#dbcdce", "action_flag": 3, "change_message": ""}}, {"model": "admin.logentry", "pk": 176, "fields": {"action_time": "2022-10-10T19:35:46.471Z", "user": 1, "content_type": 11, "object_id": "33", "object_repr": "#dbcdce", "action_flag": 3, "change_message": ""}}, {"model": "admin.logentry", "pk": 177, "fields": {"action_time": "2022-10-10T19:35:46.598Z", "user": 1, "content_type": 11, "object_id": "32", "object_repr": "#dbcdce", "action_flag": 3, "change_message": ""}}, {"model": "admin.logentry", "pk": 178, "fields": {"action_time": "2022-10-10T19:35:46.716Z", "user": 1, "content_type": 11, "object_id": "31", "object_repr": "#ea18c3", "action_flag": 3, "change_message": ""}}, {"model": "admin.logentry", "pk": 179, "fields": {"action_time": "2022-10-10T19:35:46.867Z", "user": 1, "content_type": 11, "object_id": "30", "object_repr": "#ea18c3", "action_flag": 3, "change_message": ""}}, {"model": "admin.logentry", "pk": 180, "fields": {"action_time": "2022-10-10T19:35:47.004Z", "user": 1, "content_type": 11, "object_id": "29", "object_repr": "#ea18c3", "action_flag": 3, "change_message": ""}}, {"model": "admin.logentry", "pk": 181, "fields": {"action_time": "2022-10-10T19:35:47.124Z", "user": 1, "content_type": 11, "object_id": "28", "object_repr": "#52a11c", "action_flag": 3, "change_message": ""}}, {"model": "admin.logentry", "pk": 182, "fields": {"action_time": "2022-10-10T19:35:47.248Z", "user": 1, "content_type": 11, "object_id": "27", "object_repr": "#52a11c", "action_flag": 3, "change_message": ""}}, {"model": "admin.logentry", "pk": 183, "fields": {"action_time": "2022-10-10T19:35:47.386Z", "user": 1, "content_type": 11, "object_id": "26", "object_repr": "#52a11c", "action_flag": 3, "change_message": ""}}, {"model": "admin.logentry", "pk": 184, "fields": {"action_time": "2022-10-10T19:35:47.501Z", "user": 1, "content_type": 11, "object_id": "25", "object_repr": "#2be12d", "action_flag": 3, "change_message": ""}}, {"model": "admin.logentry", "pk": 185, "fields": {"action_time": "2022-10-10T19:35:47.601Z", "user": 1, "content_type": 11, "object_id": "24", "object_repr": "#2be12d", "action_flag": 3, "change_message": ""}}, {"model": "admin.logentry", "pk": 186, "fields": {"action_time": "2022-10-10T19:36:00.781Z", "user": 1, "content_type": 9, "object_id": "106", "object_repr": "#3fdc35", "action_flag": 3, "change_message": ""}}, {"model": "admin.logentry", "pk": 187, "fields": {"action_time": "2022-10-10T19:36:00.909Z", "user": 1, "content_type": 9, "object_id": "105", "object_repr": "#741e82", "action_flag": 3, "change_message": ""}}, {"model": "admin.logentry", "pk": 188, "fields": {"action_time": "2022-10-10T19:36:01.038Z", "user": 1, "content_type": 9, "object_id": "104", "object_repr": "#5232bc", "action_flag": 3, "change_message": ""}}, {"model": "admin.logentry", "pk": 189, "fields": {"action_time": "2022-10-10T19:36:01.132Z", "user": 1, "content_type": 9, "object_id": "103", "object_repr": "#f381bb", "action_flag": 3, "change_message": ""}}, {"model": "admin.logentry", "pk": 190, "fields": {"action_time": "2022-10-10T19:36:01.264Z", "user": 1, "content_type": 9, "object_id": "102", "object_repr": "#619dd5", "action_flag": 3, "change_message": ""}}, {"model": "admin.logentry", "pk": 191, "fields": {"action_time": "2022-10-10T19:36:01.387Z", "user": 1, "content_type": 9, "object_id": "101", "object_repr": "#115cb0", "action_flag": 3, "change_message": ""}}, {"model": "admin.logentry", "pk": 192, "fields": {"action_time": "2022-10-10T19:36:01.496Z", "user": 1, "content_type": 9, "object_id": "100", "object_repr": "#1d94f5", "action_flag": 3, "change_message": ""}}, {"model": "admin.logentry", "pk": 193, "fields": {"action_time": "2022-10-10T19:36:01.622Z", "user": 1, "content_type": 9, "object_id": "99", "object_repr": "#e325c8", "action_flag": 3, "change_message": ""}}, {"model": "admin.logentry", "pk": 194, "fields": {"action_time": "2022-10-10T19:36:01.729Z", "user": 1, "content_type": 9, "object_id": "98", "object_repr": "#771db4", "action_flag": 3, "change_message": ""}}, {"model": "admin.logentry", "pk": 195, "fields": {"action_time": "2022-10-10T19:36:01.844Z", "user": 1, "content_type": 9, "object_id": "97", "object_repr": "#0ec7de", "action_flag": 3, "change_message": ""}}, {"model": "admin.logentry", "pk": 196, "fields": {"action_time": "2022-10-10T19:36:01.943Z", "user": 1, "content_type": 9, "object_id": "96", "object_repr": "#e3a260", "action_flag": 3, "change_message": ""}}, {"model": "admin.logentry", "pk": 197, "fields": {"action_time": "2022-10-10T19:36:02.039Z", "user": 1, "content_type": 9, "object_id": "95", "object_repr": "#97df61", "action_flag": 3, "change_message": ""}}, {"model": "admin.logentry", "pk": 198, "fields": {"action_time": "2022-10-10T19:36:02.136Z", "user": 1, "content_type": 9, "object_id": "94", "object_repr": "#bb9501", "action_flag": 3, "change_message": ""}}, {"model": "admin.logentry", "pk": 199, "fields": {"action_time": "2022-10-10T19:36:02.233Z", "user": 1, "content_type": 9, "object_id": "93", "object_repr": "#4ec913", "action_flag": 3, "change_message": ""}}, {"model": "admin.logentry", "pk": 200, "fields": {"action_time": "2022-10-10T19:36:02.350Z", "user": 1, "content_type": 9, "object_id": "92", "object_repr": "#eca8d6", "action_flag": 3, "change_message": ""}}, {"model": "admin.logentry", "pk": 201, "fields": {"action_time": "2022-10-10T19:36:02.466Z", "user": 1, "content_type": 9, "object_id": "91", "object_repr": "#b5cb26", "action_flag": 3, "change_message": ""}}, {"model": "admin.logentry", "pk": 202, "fields": {"action_time": "2022-10-10T19:36:02.573Z", "user": 1, "content_type": 9, "object_id": "90", "object_repr": "#71c007", "action_flag": 3, "change_message": ""}}, {"model": "admin.logentry", "pk": 203, "fields": {"action_time": "2022-10-10T19:36:02.701Z", "user": 1, "content_type": 9, "object_id": "89", "object_repr": "#b6b381", "action_flag": 3, "change_message": ""}}, {"model": "admin.logentry", "pk": 204, "fields": {"action_time": "2022-10-10T19:36:02.786Z", "user": 1, "content_type": 9, "object_id": "88", "object_repr": "#601ac2", "action_flag": 3, "change_message": ""}}, {"model": "admin.logentry", "pk": 205, "fields": {"action_time": "2022-10-10T19:36:02.882Z", "user": 1, "content_type": 9, "object_id": "87", "object_repr": "#824986", "action_flag": 3, "change_message": ""}}, {"model": "admin.logentry", "pk": 206, "fields": {"action_time": "2022-10-10T19:36:02.969Z", "user": 1, "content_type": 9, "object_id": "86", "object_repr": "#39a87e", "action_flag": 3, "change_message": ""}}, {"model": "admin.logentry", "pk": 207, "fields": {"action_time": "2022-10-10T19:36:03.081Z", "user": 1, "content_type": 9, "object_id": "85", "object_repr": "#241f68", "action_flag": 3, "change_message": ""}}, {"model": "admin.logentry", "pk": 208, "fields": {"action_time": "2022-10-10T19:36:03.183Z", "user": 1, "content_type": 9, "object_id": "84", "object_repr": "#53e6c3", "action_flag": 3, "change_message": ""}}, {"model": "admin.logentry", "pk": 209, "fields": {"action_time": "2022-10-10T19:36:03.291Z", "user": 1, "content_type": 9, "object_id": "83", "object_repr": "#bfaa41", "action_flag": 3, "change_message": ""}}, {"model": "admin.logentry", "pk": 210, "fields": {"action_time": "2022-10-10T19:36:03.386Z", "user": 1, "content_type": 9, "object_id": "82", "object_repr": "#d9a57c", "action_flag": 3, "change_message": ""}}, {"model": "admin.logentry", "pk": 211, "fields": {"action_time": "2022-10-10T19:36:03.488Z", "user": 1, "content_type": 9, "object_id": "81", "object_repr": "#6b583a", "action_flag": 3, "change_message": ""}}, {"model": "admin.logentry", "pk": 212, "fields": {"action_time": "2022-10-10T19:36:03.579Z", "user": 1, "content_type": 9, "object_id": "80", "object_repr": "#00fc2c", "action_flag": 3, "change_message": ""}}, {"model": "admin.logentry", "pk": 213, "fields": {"action_time": "2022-10-10T19:36:03.691Z", "user": 1, "content_type": 9, "object_id": "79", "object_repr": "#b6af27", "action_flag": 3, "change_message": ""}}, {"model": "admin.logentry", "pk": 214, "fields": {"action_time": "2022-10-10T19:36:03.783Z", "user": 1, "content_type": 9, "object_id": "78", "object_repr": "#653c77", "action_flag": 3, "change_message": ""}}, {"model": "admin.logentry", "pk": 215, "fields": {"action_time": "2022-10-10T19:36:03.895Z", "user": 1, "content_type": 9, "object_id": "77", "object_repr": "#306e79", "action_flag": 3, "change_message": ""}}, {"model": "admin.logentry", "pk": 216, "fields": {"action_time": "2022-10-10T19:36:04.007Z", "user": 1, "content_type": 9, "object_id": "76", "object_repr": "#4b5e1e", "action_flag": 3, "change_message": ""}}, {"model": "admin.logentry", "pk": 217, "fields": {"action_time": "2022-10-10T19:36:04.098Z", "user": 1, "content_type": 9, "object_id": "75", "object_repr": "#8a704d", "action_flag": 3, "change_message": ""}}, {"model": "admin.logentry", "pk": 218, "fields": {"action_time": "2022-10-10T19:36:04.190Z", "user": 1, "content_type": 9, "object_id": "74", "object_repr": "#9f7e5f", "action_flag": 3, "change_message": ""}}, {"model": "admin.logentry", "pk": 219, "fields": {"action_time": "2022-10-10T19:36:04.281Z", "user": 1, "content_type": 9, "object_id": "73", "object_repr": "#972088", "action_flag": 3, "change_message": ""}}, {"model": "admin.logentry", "pk": 220, "fields": {"action_time": "2022-10-10T19:36:04.397Z", "user": 1, "content_type": 9, "object_id": "72", "object_repr": "#662ea3", "action_flag": 3, "change_message": ""}}, {"model": "admin.logentry", "pk": 221, "fields": {"action_time": "2022-10-10T19:36:04.486Z", "user": 1, "content_type": 9, "object_id": "71", "object_repr": "#71931c", "action_flag": 3, "change_message": ""}}, {"model": "admin.logentry", "pk": 222, "fields": {"action_time": "2022-10-10T19:36:04.601Z", "user": 1, "content_type": 9, "object_id": "70", "object_repr": "#100c6b", "action_flag": 3, "change_message": ""}}, {"model": "admin.logentry", "pk": 223, "fields": {"action_time": "2022-10-10T19:36:04.689Z", "user": 1, "content_type": 9, "object_id": "69", "object_repr": "#fc9d50", "action_flag": 3, "change_message": ""}}, {"model": "admin.logentry", "pk": 224, "fields": {"action_time": "2022-10-10T19:36:04.852Z", "user": 1, "content_type": 9, "object_id": "68", "object_repr": "#3d0034", "action_flag": 3, "change_message": ""}}, {"model": "admin.logentry", "pk": 225, "fields": {"action_time": "2022-10-10T19:36:05.039Z", "user": 1, "content_type": 9, "object_id": "67", "object_repr": "#2d0756", "action_flag": 3, "change_message": ""}}, {"model": "admin.logentry", "pk": 226, "fields": {"action_time": "2022-10-10T19:36:05.137Z", "user": 1, "content_type": 9, "object_id": "66", "object_repr": "#48ed91", "action_flag": 3, "change_message": ""}}, {"model": "admin.logentry", "pk": 227, "fields": {"action_time": "2022-10-10T19:36:05.249Z", "user": 1, "content_type": 9, "object_id": "65", "object_repr": "#ac457c", "action_flag": 3, "change_message": ""}}, {"model": "admin.logentry", "pk": 228, "fields": {"action_time": "2022-10-10T19:36:05.371Z", "user": 1, "content_type": 9, "object_id": "64", "object_repr": "#b0b2df", "action_flag": 3, "change_message": ""}}, {"model": "admin.logentry", "pk": 229, "fields": {"action_time": "2022-10-10T19:36:05.473Z", "user": 1, "content_type": 9, "object_id": "63", "object_repr": "#3bb518", "action_flag": 3, "change_message": ""}}, {"model": "admin.logentry", "pk": 230, "fields": {"action_time": "2022-10-10T19:36:05.578Z", "user": 1, "content_type": 9, "object_id": "62", "object_repr": "#699649", "action_flag": 3, "change_message": ""}}, {"model": "admin.logentry", "pk": 231, "fields": {"action_time": "2022-10-10T19:36:05.679Z", "user": 1, "content_type": 9, "object_id": "61", "object_repr": "#0d5cd2", "action_flag": 3, "change_message": ""}}, {"model": "admin.logentry", "pk": 232, "fields": {"action_time": "2022-10-10T19:36:05.768Z", "user": 1, "content_type": 9, "object_id": "60", "object_repr": "#0d403e", "action_flag": 3, "change_message": ""}}, {"model": "admin.logentry", "pk": 233, "fields": {"action_time": "2022-10-10T19:36:05.869Z", "user": 1, "content_type": 9, "object_id": "59", "object_repr": "#9213c2", "action_flag": 3, "change_message": ""}}, {"model": "admin.logentry", "pk": 234, "fields": {"action_time": "2022-10-10T19:36:05.961Z", "user": 1, "content_type": 9, "object_id": "58", "object_repr": "#75eece", "action_flag": 3, "change_message": ""}}, {"model": "admin.logentry", "pk": 235, "fields": {"action_time": "2022-10-10T19:36:06.052Z", "user": 1, "content_type": 9, "object_id": "57", "object_repr": "#c58398", "action_flag": 3, "change_message": ""}}, {"model": "admin.logentry", "pk": 236, "fields": {"action_time": "2022-10-10T19:36:06.154Z", "user": 1, "content_type": 9, "object_id": "56", "object_repr": "#c163f9", "action_flag": 3, "change_message": ""}}, {"model": "admin.logentry", "pk": 237, "fields": {"action_time": "2022-10-10T19:36:06.266Z", "user": 1, "content_type": 9, "object_id": "55", "object_repr": "#645e6c", "action_flag": 3, "change_message": ""}}, {"model": "admin.logentry", "pk": 238, "fields": {"action_time": "2022-10-10T19:36:06.357Z", "user": 1, "content_type": 9, "object_id": "54", "object_repr": "#eeb1cc", "action_flag": 3, "change_message": ""}}, {"model": "admin.logentry", "pk": 239, "fields": {"action_time": "2022-10-10T19:36:06.469Z", "user": 1, "content_type": 9, "object_id": "53", "object_repr": "#15763e", "action_flag": 3, "change_message": ""}}, {"model": "admin.logentry", "pk": 240, "fields": {"action_time": "2022-10-10T19:36:06.561Z", "user": 1, "content_type": 9, "object_id": "52", "object_repr": "#bd5ecd", "action_flag": 3, "change_message": ""}}, {"model": "admin.logentry", "pk": 241, "fields": {"action_time": "2022-10-10T19:36:06.673Z", "user": 1, "content_type": 9, "object_id": "51", "object_repr": "#437274", "action_flag": 3, "change_message": ""}}, {"model": "admin.logentry", "pk": 242, "fields": {"action_time": "2022-10-10T19:36:06.764Z", "user": 1, "content_type": 9, "object_id": "50", "object_repr": "#c6c2d5", "action_flag": 3, "change_message": ""}}, {"model": "admin.logentry", "pk": 243, "fields": {"action_time": "2022-10-10T19:36:06.856Z", "user": 1, "content_type": 9, "object_id": "49", "object_repr": "#c6f310", "action_flag": 3, "change_message": ""}}, {"model": "admin.logentry", "pk": 244, "fields": {"action_time": "2022-10-10T19:36:07.002Z", "user": 1, "content_type": 9, "object_id": "48", "object_repr": "#8229b7", "action_flag": 3, "change_message": ""}}, {"model": "admin.logentry", "pk": 245, "fields": {"action_time": "2022-10-10T19:36:07.181Z", "user": 1, "content_type": 9, "object_id": "47", "object_repr": "#b1185a", "action_flag": 3, "change_message": ""}}, {"model": "admin.logentry", "pk": 246, "fields": {"action_time": "2022-10-10T19:36:07.303Z", "user": 1, "content_type": 9, "object_id": "46", "object_repr": "#4cc97e", "action_flag": 3, "change_message": ""}}, {"model": "admin.logentry", "pk": 247, "fields": {"action_time": "2022-10-10T19:36:07.405Z", "user": 1, "content_type": 9, "object_id": "45", "object_repr": "#f4e453", "action_flag": 3, "change_message": ""}}, {"model": "admin.logentry", "pk": 248, "fields": {"action_time": "2022-10-10T19:36:07.517Z", "user": 1, "content_type": 9, "object_id": "44", "object_repr": "#499a8f", "action_flag": 3, "change_message": ""}}, {"model": "admin.logentry", "pk": 249, "fields": {"action_time": "2022-10-10T19:36:07.629Z", "user": 1, "content_type": 9, "object_id": "43", "object_repr": "#dcd9a7", "action_flag": 3, "change_message": ""}}, {"model": "admin.logentry", "pk": 250, "fields": {"action_time": "2022-10-10T19:36:07.755Z", "user": 1, "content_type": 9, "object_id": "42", "object_repr": "#c43758", "action_flag": 3, "change_message": ""}}, {"model": "admin.logentry", "pk": 251, "fields": {"action_time": "2022-10-10T19:36:07.853Z", "user": 1, "content_type": 9, "object_id": "41", "object_repr": "#6bdb16", "action_flag": 3, "change_message": ""}}, {"model": "admin.logentry", "pk": 252, "fields": {"action_time": "2022-10-10T19:36:07.961Z", "user": 1, "content_type": 9, "object_id": "40", "object_repr": "#e0d135", "action_flag": 3, "change_message": ""}}, {"model": "admin.logentry", "pk": 253, "fields": {"action_time": "2022-10-10T19:36:08.066Z", "user": 1, "content_type": 9, "object_id": "39", "object_repr": "#9513a8", "action_flag": 3, "change_message": ""}}, {"model": "admin.logentry", "pk": 254, "fields": {"action_time": "2022-10-10T19:36:08.172Z", "user": 1, "content_type": 9, "object_id": "38", "object_repr": "#5dea7b", "action_flag": 3, "change_message": ""}}, {"model": "admin.logentry", "pk": 255, "fields": {"action_time": "2022-10-10T19:36:08.270Z", "user": 1, "content_type": 9, "object_id": "37", "object_repr": "#dbcdce", "action_flag": 3, "change_message": ""}}, {"model": "admin.logentry", "pk": 256, "fields": {"action_time": "2022-10-10T19:36:08.375Z", "user": 1, "content_type": 9, "object_id": "36", "object_repr": "#ea18c3", "action_flag": 3, "change_message": ""}}, {"model": "admin.logentry", "pk": 257, "fields": {"action_time": "2022-10-10T19:36:08.478Z", "user": 1, "content_type": 9, "object_id": "35", "object_repr": "#52a11c", "action_flag": 3, "change_message": ""}}, {"model": "admin.logentry", "pk": 258, "fields": {"action_time": "2022-10-10T19:36:08.564Z", "user": 1, "content_type": 9, "object_id": "34", "object_repr": "#2be12d", "action_flag": 3, "change_message": ""}}, {"model": "admin.logentry", "pk": 259, "fields": {"action_time": "2022-10-10T19:37:48.733Z", "user": 1, "content_type": 7, "object_id": "30", "object_repr": "30", "action_flag": 3, "change_message": ""}}, {"model": "admin.logentry", "pk": 260, "fields": {"action_time": "2022-10-10T19:37:48.945Z", "user": 1, "content_type": 7, "object_id": "4", "object_repr": "4", "action_flag": 3, "change_message": ""}}, {"model": "admin.logentry", "pk": 261, "fields": {"action_time": "2022-10-10T19:37:49.041Z", "user": 1, "content_type": 7, "object_id": "2", "object_repr": "2", "action_flag": 3, "change_message": ""}}, {"model": "admin.logentry", "pk": 262, "fields": {"action_time": "2022-10-12T13:28:56.426Z", "user": 1, "content_type": 12, "object_id": "104", "object_repr": "CartItem object (104)", "action_flag": 3, "change_message": ""}}, {"model": "admin.logentry", "pk": 263, "fields": {"action_time": "2022-10-12T13:29:07.467Z", "user": 1, "content_type": 12, "object_id": "102", "object_repr": "CartItem object (102)", "action_flag": 2, "change_message": "[]"}}, {"model": "admin.logentry", "pk": 264, "fields": {"action_time": "2022-10-13T06:23:41.681Z", "user": 1, "content_type": 11, "object_id": "140", "object_repr": "#1f3639", "action_flag": 3, "change_message": ""}}, {"model": "admin.logentry", "pk": 265, "fields": {"action_time": "2022-10-13T06:23:41.808Z", "user": 1, "content_type": 11, "object_id": "139", "object_repr": "#1f3639", "action_flag": 3, "change_message": ""}}, {"model": "admin.logentry", "pk": 266, "fields": {"action_time": "2022-10-13T06:23:41.908Z", "user": 1, "content_type": 11, "object_id": "138", "object_repr": "#001193", "action_flag": 3, "change_message": ""}}, {"model": "admin.logentry", "pk": 267, "fields": {"action_time": "2022-10-13T06:23:42.033Z", "user": 1, "content_type": 11, "object_id": "137", "object_repr": "#001193", "action_flag": 3, "change_message": ""}}, {"model": "admin.logentry", "pk": 268, "fields": {"action_time": "2022-10-13T06:23:42.157Z", "user": 1, "content_type": 11, "object_id": "136", "object_repr": "#02364f", "action_flag": 3, "change_message": ""}}, {"model": "admin.logentry", "pk": 269, "fields": {"action_time": "2022-10-13T06:23:42.274Z", "user": 1, "content_type": 11, "object_id": "135", "object_repr": "#02364f", "action_flag": 3, "change_message": ""}}, {"model": "admin.logentry", "pk": 270, "fields": {"action_time": "2022-10-13T06:23:42.383Z", "user": 1, "content_type": 11, "object_id": "134", "object_repr": "#7c36ac", "action_flag": 3, "change_message": ""}}, {"model": "admin.logentry", "pk": 271, "fields": {"action_time": "2022-10-13T06:23:42.483Z", "user": 1, "content_type": 11, "object_id": "133", "object_repr": "#7c36ac", "action_flag": 3, "change_message": ""}}, {"model": "admin.logentry", "pk": 272, "fields": {"action_time": "2022-10-13T06:23:42.602Z", "user": 1, "content_type": 11, "object_id": "132", "object_repr": "#102f96", "action_flag": 3, "change_message": ""}}, {"model": "admin.logentry", "pk": 273, "fields": {"action_time": "2022-10-13T06:23:42.707Z", "user": 1, "content_type": 11, "object_id": "131", "object_repr": "#102f96", "action_flag": 3, "change_message": ""}}, {"model": "admin.logentry", "pk": 274, "fields": {"action_time": "2022-10-13T06:23:42.873Z", "user": 1, "content_type": 11, "object_id": "130", "object_repr": "#09b20a", "action_flag": 3, "change_message": ""}}, {"model": "admin.logentry", "pk": 275, "fields": {"action_time": "2022-10-13T06:23:43.057Z", "user": 1, "content_type": 11, "object_id": "129", "object_repr": "#09b20a", "action_flag": 3, "change_message": ""}}, {"model": "admin.logentry", "pk": 276, "fields": {"action_time": "2022-10-13T06:23:43.244Z", "user": 1, "content_type": 11, "object_id": "128", "object_repr": "#83e3c9", "action_flag": 3, "change_message": ""}}, {"model": "admin.logentry", "pk": 277, "fields": {"action_time": "2022-10-13T06:23:43.448Z", "user": 1, "content_type": 11, "object_id": "127", "object_repr": "#83e3c9", "action_flag": 3, "change_message": ""}}, {"model": "admin.logentry", "pk": 278, "fields": {"action_time": "2022-10-13T06:23:43.559Z", "user": 1, "content_type": 11, "object_id": "126", "object_repr": "#9781bb", "action_flag": 3, "change_message": ""}}, {"model": "admin.logentry", "pk": 279, "fields": {"action_time": "2022-10-13T06:23:43.766Z", "user": 1, "content_type": 11, "object_id": "125", "object_repr": "#9781bb", "action_flag": 3, "change_message": ""}}, {"model": "admin.logentry", "pk": 280, "fields": {"action_time": "2022-10-13T06:23:43.916Z", "user": 1, "content_type": 11, "object_id": "124", "object_repr": "#a089b6", "action_flag": 3, "change_message": ""}}, {"model": "admin.logentry", "pk": 281, "fields": {"action_time": "2022-10-13T06:23:44.027Z", "user": 1, "content_type": 11, "object_id": "123", "object_repr": "#a089b6", "action_flag": 3, "change_message": ""}}, {"model": "admin.logentry", "pk": 282, "fields": {"action_time": "2022-10-13T06:23:44.159Z", "user": 1, "content_type": 11, "object_id": "122", "object_repr": "#5f8ef9", "action_flag": 3, "change_message": ""}}, {"model": "admin.logentry", "pk": 283, "fields": {"action_time": "2022-10-13T06:23:44.283Z", "user": 1, "content_type": 11, "object_id": "121", "object_repr": "#5f8ef9", "action_flag": 3, "change_message": ""}}, {"model": "admin.logentry", "pk": 284, "fields": {"action_time": "2022-10-13T06:23:44.372Z", "user": 1, "content_type": 11, "object_id": "120", "object_repr": "#a70075", "action_flag": 3, "change_message": ""}}, {"model": "admin.logentry", "pk": 285, "fields": {"action_time": "2022-10-13T06:23:44.466Z", "user": 1, "content_type": 11, "object_id": "119", "object_repr": "#a70075", "action_flag": 3, "change_message": ""}}, {"model": "admin.logentry", "pk": 286, "fields": {"action_time": "2022-10-13T06:23:44.593Z", "user": 1, "content_type": 11, "object_id": "118", "object_repr": "#66aeb6", "action_flag": 3, "change_message": ""}}, {"model": "admin.logentry", "pk": 287, "fields": {"action_time": "2022-10-13T06:23:44.693Z", "user": 1, "content_type": 11, "object_id": "117", "object_repr": "#66aeb6", "action_flag": 3, "change_message": ""}}, {"model": "admin.logentry", "pk": 288, "fields": {"action_time": "2022-10-13T06:23:44.799Z", "user": 1, "content_type": 11, "object_id": "116", "object_repr": "#3e0733", "action_flag": 3, "change_message": ""}}, {"model": "admin.logentry", "pk": 289, "fields": {"action_time": "2022-10-13T06:23:44.966Z", "user": 1, "content_type": 11, "object_id": "115", "object_repr": "#3e0733", "action_flag": 3, "change_message": ""}}, {"model": "admin.logentry", "pk": 290, "fields": {"action_time": "2022-10-13T06:23:45.059Z", "user": 1, "content_type": 11, "object_id": "114", "object_repr": "#d75415", "action_flag": 3, "change_message": ""}}, {"model": "admin.logentry", "pk": 291, "fields": {"action_time": "2022-10-13T06:23:45.141Z", "user": 1, "content_type": 11, "object_id": "113", "object_repr": "#d75415", "action_flag": 3, "change_message": ""}}, {"model": "admin.logentry", "pk": 292, "fields": {"action_time": "2022-10-13T06:23:45.266Z", "user": 1, "content_type": 11, "object_id": "112", "object_repr": "#b21454", "action_flag": 3, "change_message": ""}}, {"model": "admin.logentry", "pk": 293, "fields": {"action_time": "2022-10-13T06:23:45.357Z", "user": 1, "content_type": 11, "object_id": "111", "object_repr": "#b21454", "action_flag": 3, "change_message": ""}}, {"model": "admin.logentry", "pk": 294, "fields": {"action_time": "2022-10-13T06:23:45.458Z", "user": 1, "content_type": 11, "object_id": "110", "object_repr": "#1f7526", "action_flag": 3, "change_message": ""}}, {"model": "admin.logentry", "pk": 295, "fields": {"action_time": "2022-10-13T06:23:45.560Z", "user": 1, "content_type": 11, "object_id": "109", "object_repr": "#1f7526", "action_flag": 3, "change_message": ""}}, {"model": "admin.logentry", "pk": 296, "fields": {"action_time": "2022-10-13T06:23:45.691Z", "user": 1, "content_type": 11, "object_id": "108", "object_repr": "#614a74", "action_flag": 3, "change_message": ""}}, {"model": "admin.logentry", "pk": 297, "fields": {"action_time": "2022-10-13T06:23:45.791Z", "user": 1, "content_type": 11, "object_id": "107", "object_repr": "#614a74", "action_flag": 3, "change_message": ""}}, {"model": "admin.logentry", "pk": 298, "fields": {"action_time": "2022-10-13T06:23:45.874Z", "user": 1, "content_type": 11, "object_id": "106", "object_repr": "#c7278d", "action_flag": 3, "change_message": ""}}, {"model": "admin.logentry", "pk": 299, "fields": {"action_time": "2022-10-13T06:23:45.999Z", "user": 1, "content_type": 11, "object_id": "105", "object_repr": "#c7278d", "action_flag": 3, "change_message": ""}}, {"model": "admin.logentry", "pk": 300, "fields": {"action_time": "2022-10-13T06:23:46.124Z", "user": 1, "content_type": 11, "object_id": "104", "object_repr": "#c7278d", "action_flag": 3, "change_message": ""}}, {"model": "admin.logentry", "pk": 301, "fields": {"action_time": "2022-10-13T06:23:46.293Z", "user": 1, "content_type": 11, "object_id": "103", "object_repr": "#c7278d", "action_flag": 3, "change_message": ""}}, {"model": "admin.logentry", "pk": 302, "fields": {"action_time": "2022-10-13T06:23:46.659Z", "user": 1, "content_type": 11, "object_id": "140", "object_repr": "#1f3639", "action_flag": 3, "change_message": ""}}, {"model": "admin.logentry", "pk": 303, "fields": {"action_time": "2022-10-13T06:23:46.816Z", "user": 1, "content_type": 11, "object_id": "139", "object_repr": "#1f3639", "action_flag": 3, "change_message": ""}}, {"model": "admin.logentry", "pk": 304, "fields": {"action_time": "2022-10-13T06:23:46.915Z", "user": 1, "content_type": 11, "object_id": "138", "object_repr": "#001193", "action_flag": 3, "change_message": ""}}, {"model": "admin.logentry", "pk": 305, "fields": {"action_time": "2022-10-13T06:23:47.049Z", "user": 1, "content_type": 11, "object_id": "137", "object_repr": "#001193", "action_flag": 3, "change_message": ""}}, {"model": "admin.logentry", "pk": 306, "fields": {"action_time": "2022-10-13T06:23:47.157Z", "user": 1, "content_type": 11, "object_id": "136", "object_repr": "#02364f", "action_flag": 3, "change_message": ""}}, {"model": "admin.logentry", "pk": 307, "fields": {"action_time": "2022-10-13T06:23:47.257Z", "user": 1, "content_type": 11, "object_id": "135", "object_repr": "#02364f", "action_flag": 3, "change_message": ""}}, {"model": "admin.logentry", "pk": 308, "fields": {"action_time": "2022-10-13T06:23:47.375Z", "user": 1, "content_type": 11, "object_id": "134", "object_repr": "#7c36ac", "action_flag": 3, "change_message": ""}}, {"model": "admin.logentry", "pk": 309, "fields": {"action_time": "2022-10-13T06:23:47.510Z", "user": 1, "content_type": 11, "object_id": "133", "object_repr": "#7c36ac", "action_flag": 3, "change_message": ""}}, {"model": "admin.logentry", "pk": 310, "fields": {"action_time": "2022-10-13T06:23:47.692Z", "user": 1, "content_type": 11, "object_id": "132", "object_repr": "#102f96", "action_flag": 3, "change_message": ""}}, {"model": "admin.logentry", "pk": 311, "fields": {"action_time": "2022-10-13T06:23:47.814Z", "user": 1, "content_type": 11, "object_id": "131", "object_repr": "#102f96", "action_flag": 3, "change_message": ""}}, {"model": "admin.logentry", "pk": 312, "fields": {"action_time": "2022-10-13T06:23:47.899Z", "user": 1, "content_type": 11, "object_id": "130", "object_repr": "#09b20a", "action_flag": 3, "change_message": ""}}, {"model": "admin.logentry", "pk": 313, "fields": {"action_time": "2022-10-13T06:23:48.026Z", "user": 1, "content_type": 11, "object_id": "129", "object_repr": "#09b20a", "action_flag": 3, "change_message": ""}}, {"model": "admin.logentry", "pk": 314, "fields": {"action_time": "2022-10-13T06:23:48.131Z", "user": 1, "content_type": 11, "object_id": "128", "object_repr": "#83e3c9", "action_flag": 3, "change_message": ""}}, {"model": "admin.logentry", "pk": 315, "fields": {"action_time": "2022-10-13T06:23:48.258Z", "user": 1, "content_type": 11, "object_id": "127", "object_repr": "#83e3c9", "action_flag": 3, "change_message": ""}}, {"model": "admin.logentry", "pk": 316, "fields": {"action_time": "2022-10-13T06:23:48.358Z", "user": 1, "content_type": 11, "object_id": "126", "object_repr": "#9781bb", "action_flag": 3, "change_message": ""}}, {"model": "admin.logentry", "pk": 317, "fields": {"action_time": "2022-10-13T06:23:48.459Z", "user": 1, "content_type": 11, "object_id": "125", "object_repr": "#9781bb", "action_flag": 3, "change_message": ""}}, {"model": "admin.logentry", "pk": 318, "fields": {"action_time": "2022-10-13T06:23:48.584Z", "user": 1, "content_type": 11, "object_id": "124", "object_repr": "#a089b6", "action_flag": 3, "change_message": ""}}, {"model": "admin.logentry", "pk": 319, "fields": {"action_time": "2022-10-13T06:23:48.691Z", "user": 1, "content_type": 11, "object_id": "123", "object_repr": "#a089b6", "action_flag": 3, "change_message": ""}}, {"model": "admin.logentry", "pk": 320, "fields": {"action_time": "2022-10-13T06:23:48.775Z", "user": 1, "content_type": 11, "object_id": "122", "object_repr": "#5f8ef9", "action_flag": 3, "change_message": ""}}, {"model": "admin.logentry", "pk": 321, "fields": {"action_time": "2022-10-13T06:23:48.910Z", "user": 1, "content_type": 11, "object_id": "121", "object_repr": "#5f8ef9", "action_flag": 3, "change_message": ""}}, {"model": "admin.logentry", "pk": 322, "fields": {"action_time": "2022-10-13T06:23:49.091Z", "user": 1, "content_type": 11, "object_id": "120", "object_repr": "#a70075", "action_flag": 3, "change_message": ""}}, {"model": "admin.logentry", "pk": 323, "fields": {"action_time": "2022-10-13T06:23:49.191Z", "user": 1, "content_type": 11, "object_id": "119", "object_repr": "#a70075", "action_flag": 3, "change_message": ""}}, {"model": "admin.logentry", "pk": 324, "fields": {"action_time": "2022-10-13T06:23:49.309Z", "user": 1, "content_type": 11, "object_id": "118", "object_repr": "#66aeb6", "action_flag": 3, "change_message": ""}}, {"model": "admin.logentry", "pk": 325, "fields": {"action_time": "2022-10-13T06:23:49.449Z", "user": 1, "content_type": 11, "object_id": "117", "object_repr": "#66aeb6", "action_flag": 3, "change_message": ""}}, {"model": "admin.logentry", "pk": 326, "fields": {"action_time": "2022-10-13T06:23:49.539Z", "user": 1, "content_type": 11, "object_id": "116", "object_repr": "#3e0733", "action_flag": 3, "change_message": ""}}, {"model": "admin.logentry", "pk": 327, "fields": {"action_time": "2022-10-13T06:23:49.616Z", "user": 1, "content_type": 11, "object_id": "115", "object_repr": "#3e0733", "action_flag": 3, "change_message": ""}}, {"model": "admin.logentry", "pk": 328, "fields": {"action_time": "2022-10-13T06:23:49.706Z", "user": 1, "content_type": 11, "object_id": "114", "object_repr": "#d75415", "action_flag": 3, "change_message": ""}}, {"model": "admin.logentry", "pk": 329, "fields": {"action_time": "2022-10-13T06:23:49.814Z", "user": 1, "content_type": 11, "object_id": "113", "object_repr": "#d75415", "action_flag": 3, "change_message": ""}}, {"model": "admin.logentry", "pk": 330, "fields": {"action_time": "2022-10-13T06:23:49.899Z", "user": 1, "content_type": 11, "object_id": "112", "object_repr": "#b21454", "action_flag": 3, "change_message": ""}}, {"model": "admin.logentry", "pk": 331, "fields": {"action_time": "2022-10-13T06:23:49.993Z", "user": 1, "content_type": 11, "object_id": "111", "object_repr": "#b21454", "action_flag": 3, "change_message": ""}}, {"model": "admin.logentry", "pk": 332, "fields": {"action_time": "2022-10-13T06:23:50.131Z", "user": 1, "content_type": 11, "object_id": "110", "object_repr": "#1f7526", "action_flag": 3, "change_message": ""}}, {"model": "admin.logentry", "pk": 333, "fields": {"action_time": "2022-10-13T06:23:50.242Z", "user": 1, "content_type": 11, "object_id": "109", "object_repr": "#1f7526", "action_flag": 3, "change_message": ""}}, {"model": "admin.logentry", "pk": 334, "fields": {"action_time": "2022-10-13T06:23:50.394Z", "user": 1, "content_type": 11, "object_id": "108", "object_repr": "#614a74", "action_flag": 3, "change_message": ""}}, {"model": "admin.logentry", "pk": 335, "fields": {"action_time": "2022-10-13T06:23:50.493Z", "user": 1, "content_type": 11, "object_id": "107", "object_repr": "#614a74", "action_flag": 3, "change_message": ""}}, {"model": "admin.logentry", "pk": 336, "fields": {"action_time": "2022-10-13T06:23:50.616Z", "user": 1, "content_type": 11, "object_id": "106", "object_repr": "#c7278d", "action_flag": 3, "change_message": ""}}, {"model": "admin.logentry", "pk": 337, "fields": {"action_time": "2022-10-13T06:23:50.708Z", "user": 1, "content_type": 11, "object_id": "105", "object_repr": "#c7278d", "action_flag": 3, "change_message": ""}}, {"model": "admin.logentry", "pk": 338, "fields": {"action_time": "2022-10-13T06:23:50.798Z", "user": 1, "content_type": 11, "object_id": "104", "object_repr": "#c7278d", "action_flag": 3, "change_message": ""}}, {"model": "admin.logentry", "pk": 339, "fields": {"action_time": "2022-10-13T06:23:50.949Z", "user": 1, "content_type": 11, "object_id": "103", "object_repr": "#c7278d", "action_flag": 3, "change_message": ""}}, {"model": "admin.logentry", "pk": 340, "fields": {"action_time": "2022-10-13T06:24:03.502Z", "user": 1, "content_type": 9, "object_id": "124", "object_repr": "#1f3639", "action_flag": 3, "change_message": ""}}, {"model": "admin.logentry", "pk": 341, "fields": {"action_time": "2022-10-13T06:24:03.593Z", "user": 1, "content_type": 9, "object_id": "123", "object_repr": "#001193", "action_flag": 3, "change_message": ""}}, {"model": "admin.logentry", "pk": 342, "fields": {"action_time": "2022-10-13T06:24:03.700Z", "user": 1, "content_type": 9, "object_id": "122", "object_repr": "#02364f", "action_flag": 3, "change_message": ""}}, {"model": "admin.logentry", "pk": 343, "fields": {"action_time": "2022-10-13T06:24:03.816Z", "user": 1, "content_type": 9, "object_id": "121", "object_repr": "#7c36ac", "action_flag": 3, "change_message": ""}}, {"model": "admin.logentry", "pk": 344, "fields": {"action_time": "2022-10-13T06:24:03.966Z", "user": 1, "content_type": 9, "object_id": "120", "object_repr": "#102f96", "action_flag": 3, "change_message": ""}}, {"model": "admin.logentry", "pk": 345, "fields": {"action_time": "2022-10-13T06:24:04.058Z", "user": 1, "content_type": 9, "object_id": "119", "object_repr": "#09b20a", "action_flag": 3, "change_message": ""}}, {"model": "admin.logentry", "pk": 346, "fields": {"action_time": "2022-10-13T06:24:04.189Z", "user": 1, "content_type": 9, "object_id": "118", "object_repr": "#83e3c9", "action_flag": 3, "change_message": ""}}, {"model": "admin.logentry", "pk": 347, "fields": {"action_time": "2022-10-13T06:24:04.352Z", "user": 1, "content_type": 9, "object_id": "117", "object_repr": "#9781bb", "action_flag": 3, "change_message": ""}}, {"model": "admin.logentry", "pk": 348, "fields": {"action_time": "2022-10-13T06:24:04.515Z", "user": 1, "content_type": 9, "object_id": "116", "object_repr": "#a089b6", "action_flag": 3, "change_message": ""}}, {"model": "admin.logentry", "pk": 349, "fields": {"action_time": "2022-10-13T06:24:04.674Z", "user": 1, "content_type": 9, "object_id": "115", "object_repr": "#5f8ef9", "action_flag": 3, "change_message": ""}}, {"model": "admin.logentry", "pk": 350, "fields": {"action_time": "2022-10-13T06:24:04.769Z", "user": 1, "content_type": 9, "object_id": "114", "object_repr": "#a70075", "action_flag": 3, "change_message": ""}}, {"model": "admin.logentry", "pk": 351, "fields": {"action_time": "2022-10-13T06:24:04.892Z", "user": 1, "content_type": 9, "object_id": "113", "object_repr": "#66aeb6", "action_flag": 3, "change_message": ""}}, {"model": "admin.logentry", "pk": 352, "fields": {"action_time": "2022-10-13T06:24:04.968Z", "user": 1, "content_type": 9, "object_id": "112", "object_repr": "#3e0733", "action_flag": 3, "change_message": ""}}, {"model": "admin.logentry", "pk": 353, "fields": {"action_time": "2022-10-13T06:24:05.065Z", "user": 1, "content_type": 9, "object_id": "111", "object_repr": "#d75415", "action_flag": 3, "change_message": ""}}, {"model": "admin.logentry", "pk": 354, "fields": {"action_time": "2022-10-13T06:24:05.166Z", "user": 1, "content_type": 9, "object_id": "110", "object_repr": "#b21454", "action_flag": 3, "change_message": ""}}, {"model": "admin.logentry", "pk": 355, "fields": {"action_time": "2022-10-13T06:24:05.265Z", "user": 1, "content_type": 9, "object_id": "109", "object_repr": "#1f7526", "action_flag": 3, "change_message": ""}}, {"model": "admin.logentry", "pk": 356, "fields": {"action_time": "2022-10-13T06:24:05.393Z", "user": 1, "content_type": 9, "object_id": "108", "object_repr": "#614a74", "action_flag": 3, "change_message": ""}}, {"model": "admin.logentry", "pk": 357, "fields": {"action_time": "2022-10-13T06:24:05.498Z", "user": 1, "content_type": 9, "object_id": "107", "object_repr": "#c7278d", "action_flag": 3, "change_message": ""}}, {"model": "admin.logentry", "pk": 358, "fields": {"action_time": "2022-10-13T17:35:14.445Z", "user": 1, "content_type": 11, "object_id": "204", "object_repr": "#6b46e1", "action_flag": 3, "change_message": ""}}, {"model": "admin.logentry", "pk": 359, "fields": {"action_time": "2022-10-13T17:35:14.697Z", "user": 1, "content_type": 11, "object_id": "203", "object_repr": "#6b46e1", "action_flag": 3, "change_message": ""}}, {"model": "admin.logentry", "pk": 360, "fields": {"action_time": "2022-10-13T17:35:14.809Z", "user": 1, "content_type": 11, "object_id": "202", "object_repr": "#ad45b8", "action_flag": 3, "change_message": ""}}, {"model": "admin.logentry", "pk": 361, "fields": {"action_time": "2022-10-13T17:35:14.911Z", "user": 1, "content_type": 11, "object_id": "201", "object_repr": "#ad45b8", "action_flag": 3, "change_message": ""}}, {"model": "admin.logentry", "pk": 362, "fields": {"action_time": "2022-10-13T17:35:15.033Z", "user": 1, "content_type": 11, "object_id": "200", "object_repr": "#4301c0", "action_flag": 3, "change_message": ""}}, {"model": "admin.logentry", "pk": 363, "fields": {"action_time": "2022-10-13T17:35:15.129Z", "user": 1, "content_type": 11, "object_id": "199", "object_repr": "#4301c0", "action_flag": 3, "change_message": ""}}, {"model": "admin.logentry", "pk": 364, "fields": {"action_time": "2022-10-13T17:35:15.236Z", "user": 1, "content_type": 11, "object_id": "198", "object_repr": "#d8dc0c", "action_flag": 3, "change_message": ""}}, {"model": "admin.logentry", "pk": 365, "fields": {"action_time": "2022-10-13T17:35:15.348Z", "user": 1, "content_type": 11, "object_id": "197", "object_repr": "#d8dc0c", "action_flag": 3, "change_message": ""}}, {"model": "admin.logentry", "pk": 366, "fields": {"action_time": "2022-10-13T17:35:15.470Z", "user": 1, "content_type": 11, "object_id": "196", "object_repr": "#6bdbe7", "action_flag": 3, "change_message": ""}}, {"model": "admin.logentry", "pk": 367, "fields": {"action_time": "2022-10-13T17:35:15.602Z", "user": 1, "content_type": 11, "object_id": "195", "object_repr": "#6bdbe7", "action_flag": 3, "change_message": ""}}, {"model": "admin.logentry", "pk": 368, "fields": {"action_time": "2022-10-13T17:35:15.704Z", "user": 1, "content_type": 11, "object_id": "194", "object_repr": "#f9cdad", "action_flag": 3, "change_message": ""}}, {"model": "admin.logentry", "pk": 369, "fields": {"action_time": "2022-10-13T17:35:15.805Z", "user": 1, "content_type": 11, "object_id": "193", "object_repr": "#f9cdad", "action_flag": 3, "change_message": ""}}, {"model": "admin.logentry", "pk": 370, "fields": {"action_time": "2022-10-13T17:35:15.908Z", "user": 1, "content_type": 11, "object_id": "192", "object_repr": "#36c5be", "action_flag": 3, "change_message": ""}}, {"model": "admin.logentry", "pk": 371, "fields": {"action_time": "2022-10-13T17:35:16.019Z", "user": 1, "content_type": 11, "object_id": "191", "object_repr": "#36c5be", "action_flag": 3, "change_message": ""}}, {"model": "admin.logentry", "pk": 372, "fields": {"action_time": "2022-10-13T17:35:16.111Z", "user": 1, "content_type": 11, "object_id": "190", "object_repr": "#9acce5", "action_flag": 3, "change_message": ""}}, {"model": "admin.logentry", "pk": 373, "fields": {"action_time": "2022-10-13T17:35:16.213Z", "user": 1, "content_type": 11, "object_id": "189", "object_repr": "#9acce5", "action_flag": 3, "change_message": ""}}, {"model": "admin.logentry", "pk": 374, "fields": {"action_time": "2022-10-13T17:35:16.305Z", "user": 1, "content_type": 11, "object_id": "188", "object_repr": "#a13ea5", "action_flag": 3, "change_message": ""}}, {"model": "admin.logentry", "pk": 375, "fields": {"action_time": "2022-10-13T17:35:16.418Z", "user": 1, "content_type": 11, "object_id": "187", "object_repr": "#a13ea5", "action_flag": 3, "change_message": ""}}, {"model": "admin.logentry", "pk": 376, "fields": {"action_time": "2022-10-13T17:35:16.518Z", "user": 1, "content_type": 11, "object_id": "186", "object_repr": "#83e7ba", "action_flag": 3, "change_message": ""}}, {"model": "admin.logentry", "pk": 377, "fields": {"action_time": "2022-10-13T17:35:16.630Z", "user": 1, "content_type": 11, "object_id": "185", "object_repr": "#83e7ba", "action_flag": 3, "change_message": ""}}, {"model": "admin.logentry", "pk": 378, "fields": {"action_time": "2022-10-13T17:35:16.732Z", "user": 1, "content_type": 11, "object_id": "184", "object_repr": "#67d1e5", "action_flag": 3, "change_message": ""}}, {"model": "admin.logentry", "pk": 379, "fields": {"action_time": "2022-10-13T17:35:16.838Z", "user": 1, "content_type": 11, "object_id": "183", "object_repr": "#67d1e5", "action_flag": 3, "change_message": ""}}, {"model": "admin.logentry", "pk": 380, "fields": {"action_time": "2022-10-13T17:35:16.955Z", "user": 1, "content_type": 11, "object_id": "182", "object_repr": "#cc4407", "action_flag": 3, "change_message": ""}}, {"model": "admin.logentry", "pk": 381, "fields": {"action_time": "2022-10-13T17:35:17.047Z", "user": 1, "content_type": 11, "object_id": "181", "object_repr": "#cc4407", "action_flag": 3, "change_message": ""}}, {"model": "admin.logentry", "pk": 382, "fields": {"action_time": "2022-10-13T17:35:17.139Z", "user": 1, "content_type": 11, "object_id": "180", "object_repr": "#9bfaf6", "action_flag": 3, "change_message": ""}}, {"model": "admin.logentry", "pk": 383, "fields": {"action_time": "2022-10-13T17:35:17.240Z", "user": 1, "content_type": 11, "object_id": "179", "object_repr": "#9bfaf6", "action_flag": 3, "change_message": ""}}, {"model": "admin.logentry", "pk": 384, "fields": {"action_time": "2022-10-13T17:35:17.332Z", "user": 1, "content_type": 11, "object_id": "178", "object_repr": "#68db84", "action_flag": 3, "change_message": ""}}, {"model": "admin.logentry", "pk": 385, "fields": {"action_time": "2022-10-13T17:35:17.426Z", "user": 1, "content_type": 11, "object_id": "177", "object_repr": "#68db84", "action_flag": 3, "change_message": ""}}, {"model": "admin.logentry", "pk": 386, "fields": {"action_time": "2022-10-13T17:35:17.526Z", "user": 1, "content_type": 11, "object_id": "176", "object_repr": "#20a9c4", "action_flag": 3, "change_message": ""}}, {"model": "admin.logentry", "pk": 387, "fields": {"action_time": "2022-10-13T17:35:17.627Z", "user": 1, "content_type": 11, "object_id": "175", "object_repr": "#20a9c4", "action_flag": 3, "change_message": ""}}, {"model": "admin.logentry", "pk": 388, "fields": {"action_time": "2022-10-13T17:35:17.718Z", "user": 1, "content_type": 11, "object_id": "174", "object_repr": "#f15cac", "action_flag": 3, "change_message": ""}}, {"model": "admin.logentry", "pk": 389, "fields": {"action_time": "2022-10-13T17:35:17.811Z", "user": 1, "content_type": 11, "object_id": "173", "object_repr": "#f15cac", "action_flag": 3, "change_message": ""}}, {"model": "admin.logentry", "pk": 390, "fields": {"action_time": "2022-10-13T17:35:17.912Z", "user": 1, "content_type": 11, "object_id": "172", "object_repr": "#620fe6", "action_flag": 3, "change_message": ""}}, {"model": "admin.logentry", "pk": 391, "fields": {"action_time": "2022-10-13T17:35:18.004Z", "user": 1, "content_type": 11, "object_id": "171", "object_repr": "#620fe6", "action_flag": 3, "change_message": ""}}, {"model": "admin.logentry", "pk": 392, "fields": {"action_time": "2022-10-13T17:35:18.105Z", "user": 1, "content_type": 11, "object_id": "170", "object_repr": "#daff72", "action_flag": 3, "change_message": ""}}, {"model": "admin.logentry", "pk": 393, "fields": {"action_time": "2022-10-13T17:35:18.217Z", "user": 1, "content_type": 11, "object_id": "169", "object_repr": "#daff72", "action_flag": 3, "change_message": ""}}, {"model": "admin.logentry", "pk": 394, "fields": {"action_time": "2022-10-13T17:35:18.313Z", "user": 1, "content_type": 11, "object_id": "168", "object_repr": "#0b1cac", "action_flag": 3, "change_message": ""}}, {"model": "admin.logentry", "pk": 395, "fields": {"action_time": "2022-10-13T17:35:18.405Z", "user": 1, "content_type": 11, "object_id": "167", "object_repr": "#0b1cac", "action_flag": 3, "change_message": ""}}, {"model": "admin.logentry", "pk": 396, "fields": {"action_time": "2022-10-13T17:35:18.496Z", "user": 1, "content_type": 11, "object_id": "166", "object_repr": "#5fd59f", "action_flag": 3, "change_message": ""}}, {"model": "admin.logentry", "pk": 397, "fields": {"action_time": "2022-10-13T17:35:18.577Z", "user": 1, "content_type": 11, "object_id": "165", "object_repr": "#5fd59f", "action_flag": 3, "change_message": ""}}, {"model": "admin.logentry", "pk": 398, "fields": {"action_time": "2022-10-13T17:35:18.665Z", "user": 1, "content_type": 11, "object_id": "164", "object_repr": "#b93de2", "action_flag": 3, "change_message": ""}}, {"model": "admin.logentry", "pk": 399, "fields": {"action_time": "2022-10-13T17:35:18.766Z", "user": 1, "content_type": 11, "object_id": "163", "object_repr": "#b93de2", "action_flag": 3, "change_message": ""}}, {"model": "admin.logentry", "pk": 400, "fields": {"action_time": "2022-10-13T17:35:18.976Z", "user": 1, "content_type": 11, "object_id": "162", "object_repr": "#e759c6", "action_flag": 3, "change_message": ""}}, {"model": "admin.logentry", "pk": 401, "fields": {"action_time": "2022-10-13T17:35:19.071Z", "user": 1, "content_type": 11, "object_id": "161", "object_repr": "#e759c6", "action_flag": 3, "change_message": ""}}, {"model": "admin.logentry", "pk": 402, "fields": {"action_time": "2022-10-13T17:35:19.173Z", "user": 1, "content_type": 11, "object_id": "160", "object_repr": "#deb3ad", "action_flag": 3, "change_message": ""}}, {"model": "admin.logentry", "pk": 403, "fields": {"action_time": "2022-10-13T17:35:19.276Z", "user": 1, "content_type": 11, "object_id": "159", "object_repr": "#deb3ad", "action_flag": 3, "change_message": ""}}, {"model": "admin.logentry", "pk": 404, "fields": {"action_time": "2022-10-13T17:35:19.377Z", "user": 1, "content_type": 11, "object_id": "158", "object_repr": "#e93801", "action_flag": 3, "change_message": ""}}, {"model": "admin.logentry", "pk": 405, "fields": {"action_time": "2022-10-13T17:35:19.488Z", "user": 1, "content_type": 11, "object_id": "157", "object_repr": "#e93801", "action_flag": 3, "change_message": ""}}, {"model": "admin.logentry", "pk": 406, "fields": {"action_time": "2022-10-13T17:35:19.590Z", "user": 1, "content_type": 11, "object_id": "156", "object_repr": "#8c418c", "action_flag": 3, "change_message": ""}}, {"model": "admin.logentry", "pk": 407, "fields": {"action_time": "2022-10-13T17:35:19.694Z", "user": 1, "content_type": 11, "object_id": "155", "object_repr": "#8c418c", "action_flag": 3, "change_message": ""}}, {"model": "admin.logentry", "pk": 408, "fields": {"action_time": "2022-10-13T17:35:19.804Z", "user": 1, "content_type": 11, "object_id": "154", "object_repr": "#899f04", "action_flag": 3, "change_message": ""}}, {"model": "admin.logentry", "pk": 409, "fields": {"action_time": "2022-10-13T17:35:19.967Z", "user": 1, "content_type": 11, "object_id": "153", "object_repr": "#899f04", "action_flag": 3, "change_message": ""}}, {"model": "admin.logentry", "pk": 410, "fields": {"action_time": "2022-10-13T17:35:20.079Z", "user": 1, "content_type": 11, "object_id": "152", "object_repr": "#9813f9", "action_flag": 3, "change_message": ""}}, {"model": "admin.logentry", "pk": 411, "fields": {"action_time": "2022-10-13T17:35:20.176Z", "user": 1, "content_type": 11, "object_id": "151", "object_repr": "#9813f9", "action_flag": 3, "change_message": ""}}, {"model": "admin.logentry", "pk": 412, "fields": {"action_time": "2022-10-13T17:35:20.323Z", "user": 1, "content_type": 11, "object_id": "150", "object_repr": "#468059", "action_flag": 3, "change_message": ""}}, {"model": "admin.logentry", "pk": 413, "fields": {"action_time": "2022-10-13T17:35:20.414Z", "user": 1, "content_type": 11, "object_id": "149", "object_repr": "#468059", "action_flag": 3, "change_message": ""}}, {"model": "admin.logentry", "pk": 414, "fields": {"action_time": "2022-10-13T17:35:20.506Z", "user": 1, "content_type": 11, "object_id": "148", "object_repr": "#3304d2", "action_flag": 3, "change_message": ""}}, {"model": "admin.logentry", "pk": 415, "fields": {"action_time": "2022-10-13T17:35:20.598Z", "user": 1, "content_type": 11, "object_id": "147", "object_repr": "#3304d2", "action_flag": 3, "change_message": ""}}, {"model": "admin.logentry", "pk": 416, "fields": {"action_time": "2022-10-13T17:35:20.700Z", "user": 1, "content_type": 11, "object_id": "146", "object_repr": "#385334", "action_flag": 3, "change_message": ""}}, {"model": "admin.logentry", "pk": 417, "fields": {"action_time": "2022-10-13T17:35:20.815Z", "user": 1, "content_type": 11, "object_id": "145", "object_repr": "#385334", "action_flag": 3, "change_message": ""}}, {"model": "admin.logentry", "pk": 418, "fields": {"action_time": "2022-10-13T17:35:20.913Z", "user": 1, "content_type": 11, "object_id": "144", "object_repr": "#322034", "action_flag": 3, "change_message": ""}}, {"model": "admin.logentry", "pk": 419, "fields": {"action_time": "2022-10-13T17:35:21.015Z", "user": 1, "content_type": 11, "object_id": "143", "object_repr": "#322034", "action_flag": 3, "change_message": ""}}, {"model": "admin.logentry", "pk": 420, "fields": {"action_time": "2022-10-13T17:35:21.165Z", "user": 1, "content_type": 11, "object_id": "142", "object_repr": "#799395", "action_flag": 3, "change_message": ""}}, {"model": "admin.logentry", "pk": 421, "fields": {"action_time": "2022-10-13T17:35:21.279Z", "user": 1, "content_type": 11, "object_id": "141", "object_repr": "#799395", "action_flag": 3, "change_message": ""}}, {"model": "admin.logentry", "pk": 422, "fields": {"action_time": "2022-10-13T17:35:37.771Z", "user": 1, "content_type": 15, "object_id": "2", "object_repr": "MpesaPayment object (2)", "action_flag": 3, "change_message": ""}}, {"model": "admin.logentry", "pk": 423, "fields": {"action_time": "2022-10-13T17:35:37.870Z", "user": 1, "content_type": 15, "object_id": "1", "object_repr": "MpesaPayment object (1)", "action_flag": 3, "change_message": ""}}, {"model": "admin.logentry", "pk": 424, "fields": {"action_time": "2022-10-13T17:35:45.944Z", "user": 1, "content_type": 9, "object_id": "159", "object_repr": "#6b46e1", "action_flag": 3, "change_message": ""}}, {"model": "admin.logentry", "pk": 425, "fields": {"action_time": "2022-10-13T17:35:46.060Z", "user": 1, "content_type": 9, "object_id": "158", "object_repr": "#ad45b8", "action_flag": 3, "change_message": ""}}, {"model": "admin.logentry", "pk": 426, "fields": {"action_time": "2022-10-13T17:35:46.170Z", "user": 1, "content_type": 9, "object_id": "157", "object_repr": "#4301c0", "action_flag": 3, "change_message": ""}}, {"model": "admin.logentry", "pk": 427, "fields": {"action_time": "2022-10-13T17:35:46.272Z", "user": 1, "content_type": 9, "object_id": "156", "object_repr": "#d8dc0c", "action_flag": 3, "change_message": ""}}, {"model": "admin.logentry", "pk": 428, "fields": {"action_time": "2022-10-13T17:35:46.385Z", "user": 1, "content_type": 9, "object_id": "155", "object_repr": "#6bdbe7", "action_flag": 3, "change_message": ""}}, {"model": "admin.logentry", "pk": 429, "fields": {"action_time": "2022-10-13T17:35:46.507Z", "user": 1, "content_type": 9, "object_id": "154", "object_repr": "#f9cdad", "action_flag": 3, "change_message": ""}}, {"model": "admin.logentry", "pk": 430, "fields": {"action_time": "2022-10-13T17:35:46.618Z", "user": 1, "content_type": 9, "object_id": "153", "object_repr": "#36c5be", "action_flag": 3, "change_message": ""}}, {"model": "admin.logentry", "pk": 431, "fields": {"action_time": "2022-10-13T17:35:46.730Z", "user": 1, "content_type": 9, "object_id": "152", "object_repr": "#9acce5", "action_flag": 3, "change_message": ""}}, {"model": "admin.logentry", "pk": 432, "fields": {"action_time": "2022-10-13T17:35:46.833Z", "user": 1, "content_type": 9, "object_id": "151", "object_repr": "#a13ea5", "action_flag": 3, "change_message": ""}}, {"model": "admin.logentry", "pk": 433, "fields": {"action_time": "2022-10-13T17:35:46.933Z", "user": 1, "content_type": 9, "object_id": "150", "object_repr": "#83e7ba", "action_flag": 3, "change_message": ""}}, {"model": "admin.logentry", "pk": 434, "fields": {"action_time": "2022-10-13T17:35:47.046Z", "user": 1, "content_type": 9, "object_id": "149", "object_repr": "#67d1e5", "action_flag": 3, "change_message": ""}}, {"model": "admin.logentry", "pk": 435, "fields": {"action_time": "2022-10-13T17:35:47.142Z", "user": 1, "content_type": 9, "object_id": "148", "object_repr": "#cc4407", "action_flag": 3, "change_message": ""}}, {"model": "admin.logentry", "pk": 436, "fields": {"action_time": "2022-10-13T17:35:47.249Z", "user": 1, "content_type": 9, "object_id": "147", "object_repr": "#9bfaf6", "action_flag": 3, "change_message": ""}}, {"model": "admin.logentry", "pk": 437, "fields": {"action_time": "2022-10-13T17:35:47.351Z", "user": 1, "content_type": 9, "object_id": "146", "object_repr": "#68db84", "action_flag": 3, "change_message": ""}}, {"model": "admin.logentry", "pk": 438, "fields": {"action_time": "2022-10-13T17:35:47.453Z", "user": 1, "content_type": 9, "object_id": "145", "object_repr": "#20a9c4", "action_flag": 3, "change_message": ""}}, {"model": "admin.logentry", "pk": 439, "fields": {"action_time": "2022-10-13T17:35:47.586Z", "user": 1, "content_type": 9, "object_id": "144", "object_repr": "#f15cac", "action_flag": 3, "change_message": ""}}, {"model": "admin.logentry", "pk": 440, "fields": {"action_time": "2022-10-13T17:35:47.721Z", "user": 1, "content_type": 9, "object_id": "143", "object_repr": "#620fe6", "action_flag": 3, "change_message": ""}}, {"model": "admin.logentry", "pk": 441, "fields": {"action_time": "2022-10-13T17:35:47.839Z", "user": 1, "content_type": 9, "object_id": "142", "object_repr": "#daff72", "action_flag": 3, "change_message": ""}}, {"model": "admin.logentry", "pk": 442, "fields": {"action_time": "2022-10-13T17:35:47.950Z", "user": 1, "content_type": 9, "object_id": "141", "object_repr": "#0b1cac", "action_flag": 3, "change_message": ""}}, {"model": "admin.logentry", "pk": 443, "fields": {"action_time": "2022-10-13T17:35:48.053Z", "user": 1, "content_type": 9, "object_id": "140", "object_repr": "#5fd59f", "action_flag": 3, "change_message": ""}}, {"model": "admin.logentry", "pk": 444, "fields": {"action_time": "2022-10-13T17:35:48.165Z", "user": 1, "content_type": 9, "object_id": "139", "object_repr": "#b93de2", "action_flag": 3, "change_message": ""}}, {"model": "admin.logentry", "pk": 445, "fields": {"action_time": "2022-10-13T17:35:48.277Z", "user": 1, "content_type": 9, "object_id": "138", "object_repr": "#565dee", "action_flag": 3, "change_message": ""}}, {"model": "admin.logentry", "pk": 446, "fields": {"action_time": "2022-10-13T17:35:48.368Z", "user": 1, "content_type": 9, "object_id": "137", "object_repr": "#32f26f", "action_flag": 3, "change_message": ""}}, {"model": "admin.logentry", "pk": 447, "fields": {"action_time": "2022-10-13T17:35:48.480Z", "user": 1, "content_type": 9, "object_id": "136", "object_repr": "#229a78", "action_flag": 3, "change_message": ""}}, {"model": "admin.logentry", "pk": 448, "fields": {"action_time": "2022-10-13T17:35:48.572Z", "user": 1, "content_type": 9, "object_id": "135", "object_repr": "#e759c6", "action_flag": 3, "change_message": ""}}, {"model": "admin.logentry", "pk": 449, "fields": {"action_time": "2022-10-13T17:35:48.673Z", "user": 1, "content_type": 9, "object_id": "134", "object_repr": "#deb3ad", "action_flag": 3, "change_message": ""}}, {"model": "admin.logentry", "pk": 450, "fields": {"action_time": "2022-10-13T17:35:48.766Z", "user": 1, "content_type": 9, "object_id": "133", "object_repr": "#e93801", "action_flag": 3, "change_message": ""}}, {"model": "admin.logentry", "pk": 451, "fields": {"action_time": "2022-10-13T17:35:48.858Z", "user": 1, "content_type": 9, "object_id": "132", "object_repr": "#8c418c", "action_flag": 3, "change_message": ""}}, {"model": "admin.logentry", "pk": 452, "fields": {"action_time": "2022-10-13T17:35:48.959Z", "user": 1, "content_type": 9, "object_id": "131", "object_repr": "#899f04", "action_flag": 3, "change_message": ""}}, {"model": "admin.logentry", "pk": 453, "fields": {"action_time": "2022-10-13T17:35:49.060Z", "user": 1, "content_type": 9, "object_id": "130", "object_repr": "#9813f9", "action_flag": 3, "change_message": ""}}, {"model": "admin.logentry", "pk": 454, "fields": {"action_time": "2022-10-13T17:35:49.151Z", "user": 1, "content_type": 9, "object_id": "129", "object_repr": "#468059", "action_flag": 3, "change_message": ""}}, {"model": "admin.logentry", "pk": 455, "fields": {"action_time": "2022-10-13T17:35:49.245Z", "user": 1, "content_type": 9, "object_id": "128", "object_repr": "#3304d2", "action_flag": 3, "change_message": ""}}, {"model": "admin.logentry", "pk": 456, "fields": {"action_time": "2022-10-13T17:35:49.345Z", "user": 1, "content_type": 9, "object_id": "127", "object_repr": "#385334", "action_flag": 3, "change_message": ""}}, {"model": "admin.logentry", "pk": 457, "fields": {"action_time": "2022-10-13T17:35:49.436Z", "user": 1, "content_type": 9, "object_id": "126", "object_repr": "#322034", "action_flag": 3, "change_message": ""}}, {"model": "admin.logentry", "pk": 458, "fields": {"action_time": "2022-10-13T17:35:49.533Z", "user": 1, "content_type": 9, "object_id": "125", "object_repr": "#799395", "action_flag": 3, "change_message": ""}}, {"model": "admin.logentry", "pk": 459, "fields": {"action_time": "2022-10-20T11:51:30.124Z", "user": 1, "content_type": 10, "object_id": "5", "object_repr": "Cheap meme   Code is a mess but works meme", "action_flag": 1, "change_message": "[{\"added\": {}}]"}}, {"model": "admin.logentry", "pk": 460, "fields": {"action_time": "2022-10-20T16:47:34.310Z", "user": 1, "content_type": 6, "object_id": "9", "object_repr": "kelvinchui6571@gmail.comi", "action_flag": 3, "change_message": ""}}, {"model": "admin.logentry", "pk": 461, "fields": {"action_time": "2022-10-20T16:47:34.399Z", "user": 1, "content_type": 6, "object_id": "6", "object_repr": "root@gmail.com", "action_flag": 3, "change_message": ""}}, {"model": "admin.logentry", "pk": 462, "fields": {"action_time": "2022-10-20T16:47:34.532Z", "user": 1, "content_type": 6, "object_id": "5", "object_repr": "brianleon@gmail.com", "action_flag": 3, "change_message": ""}}, {"model": "auth.permission", "pk": 1, "fields": {"name": "Can add log entry", "content_type": 1, "codename": "add_logentry"}}, {"model": "auth.permission", "pk": 2, "fields": {"name": "Can change log entry", "content_type": 1, "codename": "change_logentry"}}, {"model": "auth.permission", "pk": 3, "fields": {"name": "Can delete log entry", "content_type": 1, "codename": "delete_logentry"}}, {"model": "auth.permission", "pk": 4, "fields": {"name": "Can view log entry", "content_type": 1, "codename": "view_logentry"}}, {"model": "auth.permission", "pk": 5, "fields": {"name": "Can add permission", "content_type": 2, "codename": "add_permission"}}, {"model": "auth.permission", "pk": 6, "fields": {"name": "Can change permission", "content_type": 2, "codename": "change_permission"}}, {"model": "auth.permission", "pk": 7, "fields": {"name": "Can delete permission", "content_type": 2, "codename": "delete_permission"}}, {"model": "auth.permission", "pk": 8, "fields": {"name": "Can view permission", "content_type": 2, "codename": "view_permission"}}, {"model": "auth.permission", "pk": 9, "fields": {"name": "Can add group", "content_type": 3, "codename": "add_group"}}, {"model": "auth.permission", "pk": 10, "fields": {"name": "Can change group", "content_type": 3, "codename": "change_group"}}, {"model": "auth.permission", "pk": 11, "fields": {"name": "Can delete group", "content_type": 3, "codename": "delete_group"}}, {"model": "auth.permission", "pk": 12, "fields": {"name": "Can view group", "content_type": 3, "codename": "view_group"}}, {"model": "auth.permission", "pk": 13, "fields": {"name": "Can add content type", "content_type": 4, "codename": "add_contenttype"}}, {"model": "auth.permission", "pk": 14, "fields": {"name": "Can change content type", "content_type": 4, "codename": "change_contenttype"}}, {"model": "auth.permission", "pk": 15, "fields": {"name": "Can delete content type", "content_type": 4, "codename": "delete_contenttype"}}, {"model": "auth.permission", "pk": 16, "fields": {"name": "Can view content type", "content_type": 4, "codename": "view_contenttype"}}, {"model": "auth.permission", "pk": 17, "fields": {"name": "Can add session", "content_type": 5, "codename": "add_session"}}, {"model": "auth.permission", "pk": 18, "fields": {"name": "Can change session", "content_type": 5, "codename": "change_session"}}, {"model": "auth.permission", "pk": 19, "fields": {"name": "Can delete session", "content_type": 5, "codename": "delete_session"}}, {"model": "auth.permission", "pk": 20, "fields": {"name": "Can view session", "content_type": 5, "codename": "view_session"}}, {"model": "auth.permission", "pk": 21, "fields": {"name": "Can add user", "content_type": 6, "codename": "add_user"}}, {"model": "auth.permission", "pk": 22, "fields": {"name": "Can change user", "content_type": 6, "codename": "change_user"}}, {"model": "auth.permission", "pk": 23, "fields": {"name": "Can delete user", "content_type": 6, "codename": "delete_user"}}, {"model": "auth.permission", "pk": 24, "fields": {"name": "Can view user", "content_type": 6, "codename": "view_user"}}, {"model": "auth.permission", "pk": 25, "fields": {"name": "Can add cart", "content_type": 7, "codename": "add_cart"}}, {"model": "auth.permission", "pk": 26, "fields": {"name": "Can change cart", "content_type": 7, "codename": "change_cart"}}, {"model": "auth.permission", "pk": 27, "fields": {"name": "Can delete cart", "content_type": 7, "codename": "delete_cart"}}, {"model": "auth.permission", "pk": 28, "fields": {"name": "Can view cart", "content_type": 7, "codename": "view_cart"}}, {"model": "auth.permission", "pk": 29, "fields": {"name": "Can add customer", "content_type": 8, "codename": "add_customer"}}, {"model": "auth.permission", "pk": 30, "fields": {"name": "Can change customer", "content_type": 8, "codename": "change_customer"}}, {"model": "auth.permission", "pk": 31, "fields": {"name": "Can delete customer", "content_type": 8, "codename": "delete_customer"}}, {"model": "auth.permission", "pk": 32, "fields": {"name": "Can view customer", "content_type": 8, "codename": "view_customer"}}, {"model": "auth.permission", "pk": 33, "fields": {"name": "Can add order", "content_type": 9, "codename": "add_order"}}, {"model": "auth.permission", "pk": 34, "fields": {"name": "Can change order", "content_type": 9, "codename": "change_order"}}, {"model": "auth.permission", "pk": 35, "fields": {"name": "Can delete order", "content_type": 9, "codename": "delete_order"}}, {"model": "auth.permission", "pk": 36, "fields": {"name": "Can view order", "content_type": 9, "codename": "view_order"}}, {"model": "auth.permission", "pk": 37, "fields": {"name": "Can add product", "content_type": 10, "codename": "add_product"}}, {"model": "auth.permission", "pk": 38, "fields": {"name": "Can change product", "content_type": 10, "codename": "change_product"}}, {"model": "auth.permission", "pk": 39, "fields": {"name": "Can delete product", "content_type": 10, "codename": "delete_product"}}, {"model": "auth.permission", "pk": 40, "fields": {"name": "Can view product", "content_type": 10, "codename": "view_product"}}, {"model": "auth.permission", "pk": 41, "fields": {"name": "Can add order item", "content_type": 11, "codename": "add_orderitem"}}, {"model": "auth.permission", "pk": 42, "fields": {"name": "Can change order item", "content_type": 11, "codename": "change_orderitem"}}, {"model": "auth.permission", "pk": 43, "fields": {"name": "Can delete order item", "content_type": 11, "codename": "delete_orderitem"}}, {"model": "auth.permission", "pk": 44, "fields": {"name": "Can view order item", "content_type": 11, "codename": "view_orderitem"}}, {"model": "auth.permission", "pk": 45, "fields": {"name": "Can add cart item", "content_type": 12, "codename": "add_cartitem"}}, {"model": "auth.permission", "pk": 46, "fields": {"name": "Can change cart item", "content_type": 12, "codename": "change_cartitem"}}, {"model": "auth.permission", "pk": 47, "fields": {"name": "Can delete cart item", "content_type": 12, "codename": "delete_cartitem"}}, {"model": "auth.permission", "pk": 48, "fields": {"name": "Can view cart item", "content_type": 12, "codename": "view_cartitem"}}, {"model": "auth.permission", "pk": 49, "fields": {"name": "Can add address", "content_type": 13, "codename": "add_address"}}, {"model": "auth.permission", "pk": 50, "fields": {"name": "Can change address", "content_type": 13, "codename": "change_address"}}, {"model": "auth.permission", "pk": 51, "fields": {"name": "Can delete address", "content_type": 13, "codename": "delete_address"}}, {"model": "auth.permission", "pk": 52, "fields": {"name": "Can view address", "content_type": 13, "codename": "view_address"}}, {"model": "auth.permission", "pk": 53, "fields": {"name": "Can add access token", "content_type": 14, "codename": "add_accesstoken"}}, {"model": "auth.permission", "pk": 54, "fields": {"name": "Can change access token", "content_type": 14, "codename": "change_accesstoken"}}, {"model": "auth.permission", "pk": 55, "fields": {"name": "Can delete access token", "content_type": 14, "codename": "delete_accesstoken"}}, {"model": "auth.permission", "pk": 56, "fields": {"name": "Can view access token", "content_type": 14, "codename": "view_accesstoken"}}, {"model": "auth.permission", "pk": 57, "fields": {"name": "Can add mpesa payment", "content_type": 15, "codename": "add_mpesapayment"}}, {"model": "auth.permission", "pk": 58, "fields": {"name": "Can change mpesa payment", "content_type": 15, "codename": "change_mpesapayment"}}, {"model": "auth.permission", "pk": 59, "fields": {"name": "Can delete mpesa payment", "content_type": 15, "codename": "delete_mpesapayment"}}, {"model": "auth.permission", "pk": 60, "fields": {"name": "Can view mpesa payment", "content_type": 15, "codename": "view_mpesapayment"}}, {"model": "contenttypes.contenttype", "pk": 1, "fields": {"app_label": "admin", "model": "logentry"}}, {"model": "contenttypes.contenttype", "pk": 2, "fields": {"app_label": "auth", "model": "permission"}}, {"model": "contenttypes.contenttype", "pk": 3, "fields": {"app_label": "auth", "model": "group"}}, {"model": "contenttypes.contenttype", "pk": 4, "fields": {"app_label": "contenttypes", "model": "contenttype"}}, {"model": "contenttypes.contenttype", "pk": 5, "fields": {"app_label": "sessions", "model": "session"}}, {"model": "contenttypes.contenttype", "pk": 6, "fields": {"app_label": "store", "model": "user"}}, {"model": "contenttypes.contenttype", "pk": 7, "fields": {"app_label": "store", "model": "cart"}}, {"model": "contenttypes.contenttype", "pk": 8, "fields": {"app_label": "store", "model": "customer"}}, {"model": "contenttypes.contenttype", "pk": 9, "fields": {"app_label": "store", "model": "order"}}, {"model": "contenttypes.contenttype", "pk": 10, "fields": {"app_label": "store", "model": "product"}}, {"model": "contenttypes.contenttype", "pk": 11, "fields": {"app_label": "store", "model": "orderitem"}}, {"model": "contenttypes.contenttype", "pk": 12, "fields": {"app_label": "store", "model": "cartitem"}}, {"model": "contenttypes.contenttype", "pk": 13, "fields": {"app_label": "store", "model": "address"}}, {"model": "contenttypes.contenttype", "pk": 14, "fields": {"app_label": "django_daraja", "model": "accesstoken"}}, {"model": "contenttypes.contenttype", "pk": 15, "fields": {"app_label": "store", "model": "mpesapayment"}}, {"model": "sessions.session", "pk": "0xssasq7nlesw8g4ifq9kdgcb6shdd1d", "fields": {"session_data": "eyJzdGF0dXMiOjB9:1oh57z:XeBTwxKjly3qAVgpeVcHdLAoclckmwPEuZdPIQs-npQ", "expire_date": "2022-10-22T08:24:11.218Z"}}, {"model": "sessions.session", "pk": "0zqejndp2tb5jv22bcu1currb2nol6ud", "fields": {"session_data": "eyJzdGF0dXMiOjB9:1oj2jd:VUYJvJ_xdwV31bIgVetEYE4RcdraCn4aZPk6I4e2z5o", "expire_date": "2022-10-27T18:15:09.922Z"}}, {"model": "sessions.session", "pk": "169mt9up9q20wryc63rxmmzkbboy7059", "fields": {"session_data": "eyJzdGF0dXMiOjB9:1ohc3g:TRtZtwhEneHryhJ0KxE-WwMG_jtQxJz1YaLG88MNeGw", "expire_date": "2022-10-23T19:33:56.136Z"}}, {"model": "sessions.session", "pk": "1lm2sf231o0in07pd8mwgbu6tyino43s", "fields": {"session_data": "eyJzdGF0dXMiOjB9:1ohc1r:39AaYk90H2K3ceO8SJsfPTkrhhTsKZOWAwLNo3Syspc", "expire_date": "2022-10-23T19:32:03.492Z"}}, {"model": "sessions.session", "pk": "223xjawnblvra1rcmq93x962c7xjyf22", "fields": {"session_data": ".eJxVjL0OgzAQg9_lZhQ1vxDG7n0GdHdJCi0CiYQJ8e6FioXFlvzZ3iAXLGuGVlbAuBRoN0g45vhP1KF7BR2upe_WHJduCNCChFtGyN84nSB8cHrPguepLAOJsyIumsVrDnF8Xt3bQY-5P9YKbUyqMV5rmaRRDtm5w1FaSQ1b5R--1mwaH9nrZMkFpERU1yaSdwr2H6qaQgw:1oej0S:Fo3Mko5Lz-fYpT8WHGhG2vDGdivHjBv9onzz8ZL1i3M", "expire_date": "2022-10-15T20:22:40.019Z"}}, {"model": "sessions.session", "pk": "2kxraukk16b8678ctqw090zfzkf1ir0x", "fields": {"session_data": "eyJzdGF0dXMiOjB9:1oj1iw:aTvZClhjPd99P_YA3N59sdKQ3ryUJoXddGEpiMmF844", "expire_date": "2022-10-27T17:10:22.361Z"}}, {"model": "sessions.session", "pk": "2lj1w5o8jco1264z6iuyg36akxlw0ilf", "fields": {"session_data": ".eJxVjDkOgzAQRe8yNbLiFUyZPmdAM14CSQSSbSrE3WMQDc0b_W02yAXLmqHnDThMBfoN1KnkSXGSV-4NDLiWcVhzSMPkoa_2zSN03zAfgf_g_F6YW-aSJmJHhV1pZq_Fh9_z6t4ejJjHuhaoQxSdslLyyJUw6IypF7nm1Dkt7MO20qnOBmdl1GQ8UiRqWxXIGgH7HxpNQk8:1odTKF:j7RQ9S6MUgSsk3WpOFPlHJ872fwsQULeADGky3TfLIo", "expire_date": "2022-10-12T09:25:55.894Z"}}, {"model": "sessions.session", "pk": "2zx4t4gsgoeu2tv8k0590w9bs9quhtqz", "fields": {"session_data": "eyJzdGF0dXMiOjB9:1oh5k8:Ft3kYiC4MYWMWh2DX7hgDz0ZPq-iG5WWvEy16I7UuFU", "expire_date": "2022-10-22T09:03:36.131Z"}}, {"model": "sessions.session", "pk": "3hlyv70lvjgjy6jy898no82b0k0jefr8", "fields": {"session_data": "eyJzdGF0dXMiOjB9:1ohc3g:TRtZtwhEneHryhJ0KxE-WwMG_jtQxJz1YaLG88MNeGw", "expire_date": "2022-10-23T19:33:56.022Z"}}, {"model": "sessions.session", "pk": "3rfktei1cvcar6eqmib9j2wjsiek8ke7", "fields": {"session_data": "eyJzdGF0dXMiOjB9:1oh57z:XeBTwxKjly3qAVgpeVcHdLAoclckmwPEuZdPIQs-npQ", "expire_date": "2022-10-22T08:24:11.352Z"}}, {"model": "sessions.session", "pk": "45p2nx0o6ni06f8x131i66qo45u45lob", "fields": {"session_data": "eyJzdGF0dXMiOjB9:1oh4dj:96xKqAZSosh5418aB46tYBhQn4NlgN6qfD8dp5Vchc4", "expire_date": "2022-10-22T07:52:55.464Z"}}, {"model": "sessions.session", "pk": "48y7l4hrst3ilnvjbtoomnz3psmrg4if", "fields": {"session_data": "eyJzdGF0dXMiOjB9:1oh59Q:QScyiKTpoGDFW_Fl5CWp-H4AcpETNx-dXqcZtPJsz4c", "expire_date": "2022-10-22T08:25:40.476Z"}}, {"model": "sessions.session", "pk": "5ywgezqfkk3ly65kmcdrgc4wf8om4tfo", "fields": {"session_data": "eyJzdGF0dXMiOjB9:1oh57z:XeBTwxKjly3qAVgpeVcHdLAoclckmwPEuZdPIQs-npQ", "expire_date": "2022-10-22T08:24:11.471Z"}}, {"model": "sessions.session", "pk": "75814653o3aqszblsfmbslx6snc0on8i", "fields": {"session_data": "eyJzdGF0dXMiOjAsImNhcnQiOnt9fQ:1oeyIQ:hZo19YPaf_Zv76DR82n4SiYaNT9pVq_v6F_QlEVc8ns", "expire_date": "2022-10-16T12:42:14.731Z"}}, {"model": "sessions.session", "pk": "77xfu84qz27von5rgg3vwq8kirw7vvdm", "fields": {"session_data": "eyJzdGF0dXMiOjB9:1ojIVR:oYe_jDUa7tMDLBzmCm9iMR5UabTYsnNr1ViLWLp1K4E", "expire_date": "2022-10-28T11:05:33.142Z"}}, {"model": "sessions.session", "pk": "78kmisys1vtfdk7ztl1v43pi6n6wo16r", "fields": {"session_data": "eyJzdGF0dXMiOjB9:1ohc60:xi5ukdJE43AcvI3DPolSxGf21GK9Y15OaiyjvFfrA0s", "expire_date": "2022-10-23T19:36:20.798Z"}}, {"model": "sessions.session", "pk": "866856ttf632bihmpe3axsfzp3nf81ij", "fields": {"session_data": "eyJzdGF0dXMiOjB9:1oj1iw:aTvZClhjPd99P_YA3N59sdKQ3ryUJoXddGEpiMmF844", "expire_date": "2022-10-27T17:10:22.803Z"}}, {"model": "sessions.session", "pk": "8ks44ycm2gmjqkg8bkute7hf40qr8ejg", "fields": {"session_data": "eyJzdGF0dXMiOjB9:1ohc1r:39AaYk90H2K3ceO8SJsfPTkrhhTsKZOWAwLNo3Syspc", "expire_date": "2022-10-23T19:32:03.351Z"}}, {"model": "sessions.session", "pk": "8m5d0khn2mycrtf0uvix30gsirmku13g", "fields": {"session_data": "eyJzdGF0dXMiOjB9:1oha1B:-4M3kS9JAT4Bg-aedZJ6d3g-RXzPbkLH0OT5E1mubUA", "expire_date": "2022-10-23T17:23:13.855Z"}}, {"model": "sessions.session", "pk": "94qqr06njvnt5tw1oyg1e81xgphjkgtj", "fields": {"session_data": "eyJzdGF0dXMiOjB9:1oh55s:dwEWVp3wy1luN6ZXx4E3jjCne4ChKT-5PShFGpgNhrc", "expire_date": "2022-10-22T08:22:00.213Z"}}, {"model": "sessions.session", "pk": "9dzh4b3kdg3xm4hnc373kymftbneatdc", "fields": {"session_data": "eyJzdGF0dXMiOjAsImNhcnQiOnt9fQ:1odTZ9:3S1R6fB58QBjP0ze-SkAgbIClg3o7eJt0wLA_M0LcNQ", "expire_date": "2022-10-12T09:41:19.617Z"}}, {"model": "sessions.session", "pk": "a8ismmakex11rbyk9pentyz99lzr459c", "fields": {"session_data": "eyJzdGF0dXMiOjB9:1ohc1r:39AaYk90H2K3ceO8SJsfPTkrhhTsKZOWAwLNo3Syspc", "expire_date": "2022-10-23T19:32:03.138Z"}}, {"model": "sessions.session", "pk": "av8qinscuk10fhzcjlysqg51zfxbukbc", "fields": {"session_data": ".eJxVjDsOgzAQRO-ydWTFXzBles6Adtd2IIlAsk2FuHtAoqEaaebN26BUrGuBTj5gwLWOw1piHqYAHUi4dYT8jfM5hA_O70XwMtc8kTgRca1F9EuIv9fF3gQjlvF4K7QxqdZ4rWWSRjlk545EaSW1bJV_-kazaX1kr5MlF5ASUdOYSN6pQ8qYK3Tbvv8BjXE-RQ:1ojMEb:m5dFxzwzIJovSpRgttgw7TAl-HNrDiyPAKWphepGMxs", "expire_date": "2022-10-28T15:04:25.595Z"}}, {"model": "sessions.session", "pk": "cyxnpcfshefb7m4j2anhnugeucutmp7m", "fields": {"session_data": ".eJxVjDsOgzAQRO-ydWRl_QNTpucMaNefmCQyEjZVlLsHJBqqkea9mS_URm2rMOANJtpanrYa12kOMADCpWPy71gOEF5UnovwS2nrzOJQxEmrGJcQP4_TvRxkqnlfSzIxyV47pTChlpa8tXsSGuTeG-nurlNe9y56p5JhG4gTc9fpyM5K-P0BMO06-Q:1ohvFr:fpCjFSx3jtnmvUAS-Kt9y5GZcsXWQIImuTNBMWW_iH4", "expire_date": "2022-10-24T16:03:47.940Z"}}, {"model": "sessions.session", "pk": "d6ms6i95250nuqstc3jsv78g4rzujsx6", "fields": {"session_data": "eyJzdGF0dXMiOjB9:1oh4dj:96xKqAZSosh5418aB46tYBhQn4NlgN6qfD8dp5Vchc4", "expire_date": "2022-10-22T07:52:55.047Z"}}, {"model": "sessions.session", "pk": "d6r1xbseqmzqrhrdfy4vryvmqex51003", "fields": {"session_data": "eyJzdGF0dXMiOjB9:1oha0v:6y7nt5SA8zglOaxOUJ_tiF_25BMQKbjdpDrVR786WwU", "expire_date": "2022-10-23T17:22:57.697Z"}}, {"model": "sessions.session", "pk": "djo7lh5y0d38krlf8x0xbzxqpubc4beg", "fields": {"session_data": "eyJzdGF0dXMiOjB9:1ojIVQ:HdqgOfOPrNeTAlqkxg_Qn75HkTKh5u9C7IuOFSD71Z4", "expire_date": "2022-10-28T11:05:32.746Z"}}, {"model": "sessions.session", "pk": "doy2pizomxbhez3plgv1sz6veso9p5cs", "fields": {"session_data": "eyJzdGF0dXMiOjAsImNhcnQiOnt9fQ:1odiPy:jWrl-LnWkJk4El8xUQ6rhqSLyCNm_kW1MaWsxT1dRj8", "expire_date": "2022-10-13T01:32:50.912Z"}}, {"model": "sessions.session", "pk": "e4l0kptimp0uxr77ha2ja0x5dkrq8odu", "fields": {"session_data": "eyJzdGF0dXMiOjB9:1ohlpS:o75csvk_V7E210bZo1DKqNyymyKN-EAfh4Wl23y9oxY", "expire_date": "2022-10-24T05:59:54.812Z"}}, {"model": "sessions.session", "pk": "e94t6ol2lckf19elm3dswq9h4pd34om7", "fields": {"session_data": "eyJzdGF0dXMiOjB9:1oh5py:veu-r2RaE-xt3yIxGjr1I0DHcahzD46jNBZJRRzFRN8", "expire_date": "2022-10-22T09:09:38.533Z"}}, {"model": "sessions.session", "pk": "eh0pgqsnp73fk7ha4dwz7bv09ewdbndg", "fields": {"session_data": "eyJzdGF0dXMiOjAsImNhcnQiOnt9fQ:1of1u4:701_HL6G3W0i86FqTOvrVaQSsOLdgCIKeM8xpV9xc5s", "expire_date": "2022-10-16T16:33:20.961Z"}}, {"model": "sessions.session", "pk": "fc09fgepefbcm6mxsert3h14xrvspyph", "fields": {"session_data": "eyJzdGF0dXMiOjB9:1ohc61:c4ZYEFxxuRC2_tA9Lem6wkQE5HOE-K_EQYMZDJ83efs", "expire_date": "2022-10-23T19:36:21.159Z"}}, {"model": "sessions.session", "pk": "fgx73s1l2357cf5w9v8hbh1tjl81kgiu", "fields": {"session_data": "eyJzdGF0dXMiOjB9:1oh5py:veu-r2RaE-xt3yIxGjr1I0DHcahzD46jNBZJRRzFRN8", "expire_date": "2022-10-22T09:09:38.318Z"}}, {"model": "sessions.session", "pk": "fy4bbb4lotvcvypvuob7yxnv8rgh9msb", "fields": {"session_data": "eyJzdGF0dXMiOjB9:1ohc61:c4ZYEFxxuRC2_tA9Lem6wkQE5HOE-K_EQYMZDJ83efs", "expire_date": "2022-10-23T19:36:21.009Z"}}, {"model": "sessions.session", "pk": "hi4ocbvrffq5j9l0458fdo920jpodpi4", "fields": {"session_data": "eyJzdGF0dXMiOjB9:1ohc3g:TRtZtwhEneHryhJ0KxE-WwMG_jtQxJz1YaLG88MNeGw", "expire_date": "2022-10-23T19:33:56.024Z"}}, {"model": "sessions.session", "pk": "j7no182kj4dsp0lfdlbys8ueo17dt53h", "fields": {"session_data": "eyJzdGF0dXMiOjB9:1oh55P:dwiJrRwD0srUyrwEnTE1RLoBTXcMLO04HipSFEid7TA", "expire_date": "2022-10-22T08:21:31.583Z"}}, {"model": "sessions.session", "pk": "jb7eohbq0i54eg4pwrgior8kf2cwt2kx", "fields": {"session_data": "eyJzdGF0dXMiOjAsImNhcnQiOnt9fQ:1ohDLO:Yzs-4dXWVmjD5DN9_dow9GfwHug7hfY3iEOQWq9v9Pw", "expire_date": "2022-10-22T17:10:34.992Z"}}, {"model": "sessions.session", "pk": "ln7o7b73df1mxfai2lzucsr8kwiqzrr0", "fields": {"session_data": "eyJzdGF0dXMiOjB9:1ohlbe:m5ueApXWm1Fiwnf5n63CKynpClmodnyQNvcxOA0qEsc", "expire_date": "2022-10-24T05:45:38.554Z"}}, {"model": "sessions.session", "pk": "lt45kj4ldffm2xo8kwiice1wgtbna19i", "fields": {"session_data": "eyJzdGF0dXMiOjB9:1oh55s:dwEWVp3wy1luN6ZXx4E3jjCne4ChKT-5PShFGpgNhrc", "expire_date": "2022-10-22T08:22:00.009Z"}}, {"model": "sessions.session", "pk": "m1plat4jsangiainqujw60ko2g6cn3tx", "fields": {"session_data": "eyJzdGF0dXMiOjAsImNhcnQiOnt9fQ:1oewJE:sfmjg-LCUXe11VFowxyqy0wNo7tVOTPy4n45yaTmpfc", "expire_date": "2022-10-16T10:34:56.371Z"}}, {"model": "sessions.session", "pk": "mzfkwsbqa1puyqxzm7p52gk3s4lffmn5", "fields": {"session_data": ".eJxVjDsOgzAQRO-ydWRl_QNTpucMaNefmCQyEjZVlLsHJBqqkea9mS_URm2rMOANJtpanrYa12kOMADCpWPy71gOEF5UnovwS2nrzOJQxEmrGJcQP4_TvRxkqnlfSzIxyV47pTChlpa8tXsSGuTeG-nurlNe9y56p5JhG4gTc9fpyM5K-P0BMO06-Q:1oj2kt:GVPUWnqFY3zJ80GL1GMgvQZ1S0Wcj_LZVjjkq7DSJA0", "expire_date": "2022-10-27T18:16:27.389Z"}}, {"model": "sessions.session", "pk": "nom6unhnzqidmrvr2po8uh812103mdji", "fields": {"session_data": "eyJzdGF0dXMiOjB9:1oh59Q:QScyiKTpoGDFW_Fl5CWp-H4AcpETNx-dXqcZtPJsz4c", "expire_date": "2022-10-22T08:25:40.210Z"}}, {"model": "sessions.session", "pk": "oco78yydyc2qeeqpq8h5qc62vx1ttycn", "fields": {"session_data": ".eJxVjDsOgzAQRO-ydWRl_QNTpucMaNefmCQyEjZVlLsHJBqqkea9mS_URm2rMOANJtpanrYa12kOMADCpWPy71gOEF5UnovwS2nrzOJQxEmrGJcQP4_TvRxkqnlfSzIxyV47pTChlpa8tXsSGuTeG-nurlNe9y56p5JhG4gTc9fpyM5K-P0BMO06-Q:1olYhI:Kf_zoCxmH14L0tQptbpkkIFnUZYQMROf0xt9f49KasY", "expire_date": "2022-11-03T16:47:08.601Z"}}, {"model": "sessions.session", "pk": "ou1zy2dr1f1pbftlsxzh51xudxla4f4l", "fields": {"session_data": ".eJxVjL0OgzAQg9_lZhQ1vxDG7n0GdHdJCm0FEgkT4t0bJBYmy_5s75ALli1DLxtgXAv0O8jqjgYG3Mo4bDmuwxSgr_EtI-RvnE8QPji_F8HLXNaJxFkRF83itYT4e17d28GIeaxrhTYm1RmvtUzSKIfsXFWUVlLHVvmHbzWbzkf2OllyASkRta2J5J2C4w9VRT8l:1ode1h:4oh3IAmfcGL9zlTkmeCoF4N14syCh2yobjU4IQ6f1j4", "expire_date": "2022-10-12T20:51:29.768Z"}}, {"model": "sessions.session", "pk": "r3u0l772qi02ux7jcyailk74oz15o9aq", "fields": {"session_data": "eyJzdGF0dXMiOjB9:1ojIVR:oYe_jDUa7tMDLBzmCm9iMR5UabTYsnNr1ViLWLp1K4E", "expire_date": "2022-10-28T11:05:33.343Z"}}, {"model": "sessions.session", "pk": "rf1f0ltuhipsdcyjxim8jajqaku4thui", "fields": {"session_data": ".eJxVjDsOgzAQRO-yNbLwF0yZnjOg3bUdSCKQsKkQdw9INFQjzXszO-SCZcvQ1RUwrgW6_ahgwK2Mw5bjOkwBOpDw6Aj5G-cLhA_O70XwMpd1InEp4qZZ9EuIv9ftPg5GzOO5VmhjUq3xWsskjXLIzp2J0kpq2Spf-0azaX1kr5MlF5ASUdOYSN4pOP6acT5E:1ogKnm:VTJtCOMY6Ka2sOcdQwD35vwFOmJn14iD938Kpwf5BBs", "expire_date": "2022-10-20T06:56:14.972Z"}}, {"model": "sessions.session", "pk": "rg54xv825nq38f4895hson8lhkm2xa47", "fields": {"session_data": "eyJzdGF0dXMiOjAsImNhcnQiOnt9fQ:1oeyhg:xL0SLbXviz4Jmrbje4ZSsY_XLl_Mx4zq7O7vvwZsMEc", "expire_date": "2022-10-16T13:08:20.445Z"}}, {"model": "sessions.session", "pk": "rrnt5hol7xp0v0wuy847ufngxdhaeen7", "fields": {"session_data": "eyJzdGF0dXMiOjB9:1oha0v:6y7nt5SA8zglOaxOUJ_tiF_25BMQKbjdpDrVR786WwU", "expire_date": "2022-10-23T17:22:57.469Z"}}, {"model": "sessions.session", "pk": "umuc200py69r9leud3061anynhd1669x", "fields": {"session_data": ".eJxVjDsOgzAQRO-ydWRl_QNTpucMaNefmCQyEjZVlLsHJBqqkea9mS_URm2rMOANJtpanrYa12kOMADCpWPy71gOEF5UnovwS2nrzOJQxEmrGJcQP4_TvRxkqnlfSzIxyV47pTChlpa8tXsSGuTeG-nurlNe9y56p5JhG4gTc9fpyM5K-P0BMO06-Q:1olU31:SD3qWUP_7iwA6yNnh8lk-6axl7QNqEZ9K1BpVn9Kwyk", "expire_date": "2022-11-03T11:49:15.961Z"}}, {"model": "sessions.session", "pk": "wghaai86x666zd9yjoze6b7fl8o4e9tg", "fields": {"session_data": ".eJxVjL0OgzAQg9_l5igiv5CM3fsM6C4khbYCiYQJ8e4NFQuLLfmzvUMuWLYMvmEQcC3gd5DgJQMFXjAQf9VVDwY9bmXstxzXfhrAV3jLCMMnzicY3ji_Fh6WuawT8bPCL5r5cxni93F1bwcj5rGuJZqYZKedUiIJLS0Ga6ujMIK6YKRrXKuC7lwMTiVDdkBKRG2rIzkr4fgBGhVCTw:1oev1Z:2G7lYNSyrfYntQP2wGPJSYzFGoNzyjY2eBIHL1EXJ14", "expire_date": "2022-10-16T09:12:37.736Z"}}, {"model": "sessions.session", "pk": "yqwd7qp3uhgf2auhlecyty8q7yhpwy08", "fields": {"session_data": "eyJzdGF0dXMiOjB9:1oj1iw:aTvZClhjPd99P_YA3N59sdKQ3ryUJoXddGEpiMmF844", "expire_date": "2022-10-27T17:10:22.658Z"}}, {"model": "sessions.session", "pk": "z1q3bk1gc1r9zrk4cnl77o4bvzgai18x", "fields": {"session_data": ".eJxVjDsOgzAQRO-ydWRl_QNTpucMaNefmCQyEjZVlLsHJBqqkea9mS_URm2rMOANJtpanrYa12kOMADCpWPy71gOEF5UnovwS2nrzOJQxEmrGJcQP4_TvRxkqnlfSzIxyV47pTChlpa8tXsSGuTeG-nurlNe9y56p5JhG4gTc9fpyM5K-P0BMO06-Q:1ohCrv:kvQwUhg8pJ8cTE3ix7ec7QLc0XTiJ2t--YyGw-aBpoM", "expire_date": "2022-10-22T16:40:07.967Z"}}, {"model": "sessions.session", "pk": "zrm7aen9kg5inj1nfr87m5b3o9hq3gvd", "fields": {"session_data": "eyJzdGF0dXMiOjAsImNhcnQiOnt9fQ:1ohc60:S_PNwSTx5SHwU_Bymg42BbnFcra6vxQCR4XazrE1tN8", "expire_date": "2022-10-23T19:36:20.907Z"}}, {"model": "django_daraja.accesstoken", "pk": 2, "fields": {"token": "1L9F6NDFyuu97M4VS0QFzfzTnN4Y", "created_at": "2022-10-13T06:50:33.957Z"}}, {"model": "store.user", "pk": 1, "fields": {"last_login": "2022-10-14T12:07:43.670Z", "is_superuser": true, "email": "", "is_staff": true, "is_active": true, "date_joined": "2022-09-28T08:53:18Z", "username": "kelvinchui6571@gmail.com", "password": "pbkdf2_sha256$320000$5JpNXrxfy5qWKNbpmflzHY$a8OBOyBOzbWsp36SdsPB4jpYw+61dkhKELWQd/0QpF8=", "first_name": "kelvin", "last_name": "chui", "phone": "0703719594", "birth_date": "1997-10-23", "profile_pic": "profile/kelvinchui6571@gmail.com/Screenshot_20220924-153454.png", "groups": [], "user_permissions": []}}, {"model": "store.product", "pk": 1, "fields": {"title": "harmonic drive", "image": "cover/harmonic drive/reducer.PNG", "description": "reducer gearbox", "price": 3000, "inventory_type": 120, "last_updated": "2022-10-02T13:32:45.878Z"}}, {"model": "store.product", "pk": 2, "fields": {"title": "raspberry pi zero", "image": "cover/raspberry pi zero/IMG-20210801-WA0004.jpg", "description": "Old raspberry pi zero without wi-fi", "price": 2500, "inventory_type": 12, "last_updated": "2022-10-02T13:32:37.364Z"}}, {"model": "store.product", "pk": 3, "fields": {"title": "raspberry pi zero w", "image": "cover/raspberry pi zero w/IMG-20210801-WA0000.jpg", "description": "Raspberry pi zero w with wi-fi", "price": 3500, "inventory_type": 32, "last_updated": "2022-10-02T13:32:26.053Z"}}, {"model": "store.product", "pk": 4, "fields": {"title": "raspberry pi zero 2 w", "image": "cover/raspberry pi zero 2 w/IMG-20210801-WA0004.jpg", "description": "Raspberry pi zero 2 with wifi", "price": 5000, "inventory_type": 26, "last_updated": "2022-10-02T13:32:13.742Z"}}, {"model": "store.product", "pk": 5, "fields": {"title": "Cheap meme", "image": "cover/Cheap meme/Screenshot_20220715-213104.png", "description": "Code is a mess but works meme", "price": 1, "inventory_type": 2, "last_updated": "2022-10-20T11:51:30.097Z"}}, {"model": "store.address", "pk": 7, "fields": {"first_name": "kelvin", "last_name": "chui", "phone": "0765719594", "region": "Nairobi", "postal_address": "Nairobi1", "city": "", "user": 1}}, {"model": "store.cart", "pk": 32, "fields": {"user": null, "date_ordered": "2022-10-13T17:10:10.126Z", "complete": false, "transaction_id": null, "created_at": "2022-10-13T17:10:10.126Z"}}, {"model": "store.cart", "pk": 33, "fields": {"user": 1, "date_ordered": "2022-10-14T12:16:20.966Z", "complete": false, "transaction_id": null, "created_at": "2022-10-14T12:16:20.966Z"}}, {"model": "store.cartitem", "pk": 119, "fields": {"cart": 33, "product": 4, "quantity": 1}}, {"model": "store.order", "pk": 160, "fields": {"placed_at": "2022-10-13T17:52:25.539Z", "payment_status": "P", "order_id": "#dcc4a1", "order_total": 9180, "user": 1}}, {"model": "store.order", "pk": 161, "fields": {"placed_at": "2022-10-13T17:53:13.600Z", "payment_status": "P", "order_id": "#ad2ba1", "order_total": 9180, "user": 1}}, {"model": "store.order", "pk": 162, "fields": {"placed_at": "2022-10-13T17:54:00.773Z", "payment_status": "P", "order_id": "#1deafe", "order_total": 9180, "user": 1}}, {"model": "store.order", "pk": 163, "fields": {"placed_at": "2022-10-13T17:54:52.779Z", "payment_status": "P", "order_id": "#7df39f", "order_total": 9180, "user": 1}}, {"model": "store.order", "pk": 164, "fields": {"placed_at": "2022-10-13T17:59:42.433Z", "payment_status": "P", "order_id": "#6f0e02", "order_total": 9180, "user": 1}}, {"model": "store.order", "pk": 165, "fields": {"placed_at": "2022-10-13T18:00:32.587Z", "payment_status": "P", "order_id": "#dde68d", "order_total": 9180, "user": 1}}, {"model": "store.order", "pk": 166, "fields": {"placed_at": "2022-10-13T18:01:06.991Z", "payment_status": "P", "order_id": "#32acf4", "order_total": 9180, "user": 1}}, {"model": "store.order", "pk": 167, "fields": {"placed_at": "2022-10-13T18:01:30.037Z", "payment_status": "P", "order_id": "#2940be", "order_total": 9180, "user": 1}}, {"model": "store.order", "pk": 168, "fields": {"placed_at": "2022-10-13T18:02:40.672Z", "payment_status": "P", "order_id": "#3f9a64", "order_total": 9180, "user": 1}}, {"model": "store.order", "pk": 169, "fields": {"placed_at": "2022-10-13T18:03:02.352Z", "payment_status": "P", "order_id": "#c258f1", "order_total": 9180, "user": 1}}, {"model": "store.order", "pk": 170, "fields": {"placed_at": "2022-10-14T12:07:58.744Z", "payment_status": "P", "order_id": "#abfeca", "order_total": 14580, "user": 1}}, {"model": "store.order", "pk": 171, "fields": {"placed_at": "2022-10-14T12:09:57.670Z", "payment_status": "P", "order_id": "#043843", "order_total": 14580, "user": 1}}, {"model": "store.order", "pk": 172, "fields": {"placed_at": "2022-10-14T12:10:27.162Z", "payment_status": "P", "order_id": "#340061", "order_total": 14580, "user": 1}}, {"model": "store.order", "pk": 173, "fields": {"placed_at": "2022-10-14T12:11:05.125Z", "payment_status": "P", "order_id": "#e5fd76", "order_total": 14580, "user": 1}}, {"model": "store.order", "pk": 174, "fields": {"placed_at": "2022-10-14T12:13:37.565Z", "payment_status": "P", "order_id": "#e5a88e", "order_total": 14580, "user": 1}}, {"model": "store.order", "pk": 175, "fields": {"placed_at": "2022-10-14T12:14:46.543Z", "payment_status": "P", "order_id": "#f2afa0", "order_total": 14580, "user": 1}}, {"model": "store.order", "pk": 176, "fields": {"placed_at": "2022-10-14T12:16:13.425Z", "payment_status": "P", "order_id": "#59cf61", "order_total": 14580, "user": 1}}, {"model": "store.orderitem", "pk": 205, "fields": {"order": 160, "product": 3, "quantity": 1, "unit_price": "3500.00"}}, {"model": "store.orderitem", "pk": 206, "fields": {"order": 160, "product": 4, "quantity": 1, "unit_price": "5000.00"}}, {"model": "store.orderitem", "pk": 207, "fields": {"order": 161, "product": 3, "quantity": 1, "unit_price": "3500.00"}}, {"model": "store.orderitem", "pk": 208, "fields": {"order": 161, "product": 4, "quantity": 1, "unit_price": "5000.00"}}, {"model": "store.orderitem", "pk": 209, "fields": {"order": 162, "product": 3, "quantity": 1, "unit_price": "3500.00"}}, {"model": "store.orderitem", "pk": 210, "fields": {"order": 162, "product": 4, "quantity": 1, "unit_price": "5000.00"}}, {"model": "store.orderitem", "pk": 211, "fields": {"order": 163, "product": 3, "quantity": 1, "unit_price": "3500.00"}}, {"model": "store.orderitem", "pk": 212, "fields": {"order": 163, "product": 4, "quantity": 1, "unit_price": "5000.00"}}, {"model": "store.orderitem", "pk": 213, "fields": {"order": 164, "product": 3, "quantity": 1, "unit_price": "3500.00"}}, {"model": "store.orderitem", "pk": 214, "fields": {"order": 164, "product": 4, "quantity": 1, "unit_price": "5000.00"}}, {"model": "store.orderitem", "pk": 215, "fields": {"order": 165, "product": 3, "quantity": 1, "unit_price": "3500.00"}}, {"model": "store.orderitem", "pk": 216, "fields": {"order": 165, "product": 4, "quantity": 1, "unit_price": "5000.00"}}, {"model": "store.orderitem", "pk": 217, "fields": {"order": 166, "product": 3, "quantity": 1, "unit_price": "3500.00"}}, {"model": "store.orderitem", "pk": 218, "fields": {"order": 166, "product": 4, "quantity": 1, "unit_price": "5000.00"}}, {"model": "store.orderitem", "pk": 219, "fields": {"order": 167, "product": 3, "quantity": 1, "unit_price": "3500.00"}}, {"model": "store.orderitem", "pk": 220, "fields": {"order": 167, "product": 4, "quantity": 1, "unit_price": "5000.00"}}, {"model": "store.orderitem", "pk": 221, "fields": {"order": 168, "product": 3, "quantity": 1, "unit_price": "3500.00"}}, {"model": "store.orderitem", "pk": 222, "fields": {"order": 168, "product": 4, "quantity": 1, "unit_price": "5000.00"}}, {"model": "store.orderitem", "pk": 223, "fields": {"order": 169, "product": 3, "quantity": 1, "unit_price": "3500.00"}}, {"model": "store.orderitem", "pk": 224, "fields": {"order": 169, "product": 4, "quantity": 1, "unit_price": "5000.00"}}, {"model": "store.orderitem", "pk": 225, "fields": {"order": 170, "product": 2, "quantity": 1, "unit_price": "2500.00"}}, {"model": "store.orderitem", "pk": 226, "fields": {"order": 170, "product": 4, "quantity": 1, "unit_price": "5000.00"}}, {"model": "store.orderitem", "pk": 227, "fields": {"order": 170, "product": 1, "quantity": 2, "unit_price": "3000.00"}}, {"model": "store.orderitem", "pk": 228, "fields": {"order": 171, "product": 2, "quantity": 1, "unit_price": "2500.00"}}, {"model": "store.orderitem", "pk": 229, "fields": {"order": 171, "product": 4, "quantity": 1, "unit_price": "5000.00"}}, {"model": "store.orderitem", "pk": 230, "fields": {"order": 171, "product": 1, "quantity": 2, "unit_price": "3000.00"}}, {"model": "store.orderitem", "pk": 231, "fields": {"order": 172, "product": 2, "quantity": 1, "unit_price": "2500.00"}}, {"model": "store.orderitem", "pk": 232, "fields": {"order": 172, "product": 4, "quantity": 1, "unit_price": "5000.00"}}, {"model": "store.orderitem", "pk": 233, "fields": {"order": 172, "product": 1, "quantity": 2, "unit_price": "3000.00"}}, {"model": "store.orderitem", "pk": 234, "fields": {"order": 173, "product": 2, "quantity": 1, "unit_price": "2500.00"}}, {"model": "store.orderitem", "pk": 235, "fields": {"order": 173, "product": 4, "quantity": 1, "unit_price": "5000.00"}}, {"model": "store.orderitem", "pk": 236, "fields": {"order": 173, "product": 1, "quantity": 2, "unit_price": "3000.00"}}, {"model": "store.orderitem", "pk": 237, "fields": {"order": 174, "product": 2, "quantity": 1, "unit_price": "2500.00"}}, {"model": "store.orderitem", "pk": 238, "fields": {"order": 174, "product": 4, "quantity": 1, "unit_price": "5000.00"}}, {"model": "store.orderitem", "pk": 239, "fields": {"order": 174, "product": 1, "quantity": 2, "unit_price": "3000.00"}}, {"model": "store.orderitem", "pk": 240, "fields": {"order": 175, "product": 2, "quantity": 1, "unit_price": "2500.00"}}, {"model": "store.orderitem", "pk": 241, "fields": {"order": 175, "product": 4, "quantity": 1, "unit_price": "5000.00"}}, {"model": "store.orderitem", "pk": 242, "fields": {"order": 175, "product": 1, "quantity": 2, "unit_price": "3000.00"}}, {"model": "store.orderitem", "pk": 243, "fields": {"order": 176, "product": 2, "quantity": 1, "unit_price": "2500.00"}}, {"model": "store.orderitem", "pk": 244, "fields": {"order": 176, "product": 4, "quantity": 1, "unit_price": "5000.00"}}, {"model": "store.orderitem", "pk": 245, "fields": {"order": 176, "product": 1, "quantity": 2, "unit_price": "3000.00"}}]